{"type":"FeatureCollection","crs":{"type":"name","properties":{"name":"EPSG:4326"}},"features":[{"type":"Feature","geometry":{"type":"Point","coordinates":[-113.199,36.353]},"properties":{"name":"Logan","id":20107,"highest":116,"p97":103,"p90":97,"p80":90,"p70":84,"p50":76}},{"type":"Feature","geometry":{"type":"Point","coordinates":[-113.817,36.5]},"properties":{"name":"Olaf","id":20108,"highest":124,"p97":117,"p90":113,"p80":108,"p70":104,"p50":98}},{"type":"Feature","geometry":{"type":"Point","coordinates":[-113.717,36.583]},"properties":{"name":"Tweedy","id":20109,"highest":122,"p97":111,"p90":106,"p80":103,"p70":95,"p50":90}},{"type":"Feature","geometry":{"type":"Point","coordinates":[-112.841,36.471]},"properties":{"name":"Robinson Tank (through 2013)","id":20111,"highest":113,"p97":107,"p90":102,"p80":93,"p70":88,"p50":80}},{"type":"Feature","geometry":{"type":"Point","coordinates":[-113.158,36.388]},"properties":{"name":"Nixon","id":20113,"highest":121,"p97":102,"p90":95,"p80":88,"p70":82,"p50":70}},{"type":"Feature","geometry":{"type":"Point","coordinates":[-113.747,36.79]},"properties":{"name":"Blackrock Portable","id":20114,"highest":119,"p97":104,"p90":98,"p80":92,"p70":88,"p50":80}},{"type":"Feature","geometry":{"type":"Point","coordinates":[-113.207,36.699]},"properties":{"name":"Hurricane","id":20117,"highest":119,"p97":111,"p90":106,"p80":102,"p70":95,"p50":86}},{"type":"Feature","geometry":{"type":"Point","coordinates":[-112.583,36.704]},"properties":{"name":"Gunsight","id":20223,"highest":116,"p97":111,"p90":105,"p80":98,"p70":93,"p50":85}},{"type":"Feature","geometry":{"type":"Point","coordinates":[-120.094,40.059]},"properties":{"name":"Doyle","id":40724,"highest":106,"p97":100,"p90":96,"p80":93,"p70":89,"p50":82}},{"type":"Feature","geometry":{"type":"Point","coordinates":[-120.038,39.572]},"properties":{"name":"Dog Valley","id":41302,"highest":97,"p97":92,"p90":87,"p80":83,"p70":80,"p50":71}},{"type":"Feature","geometry":{"type":"Point","coordinates":[-119.768,38.685]},"properties":{"name":"Markleeville","id":42802,"highest":101,"p97":97,"p90":93,"p80":90,"p70":87,"p50":80}},{"type":"Feature","geometry":{"type":"Point","coordinates":[-119.22,38.248]},"properties":{"name":"Bridgeport","id":43702,"highest":105,"p97":99,"p90":96,"p80":93,"p70":90,"p50":85}},{"type":"Feature","geometry":{"type":"Point","coordinates":[-119.455,38.57]},"properties":{"name":"Walker","id":43707,"highest":110,"p97":106,"p90":103,"p80":100,"p70":98,"p50":94}},{"type":"Feature","geometry":{"type":"Point","coordinates":[-115.188,45.378]},"properties":{"name":"lodgepole","id":101044,"highest":85,"p97":74,"p90":68,"p80":62,"p70":58,"p50":50}},{"type":"Feature","geometry":{"type":"Point","coordinates":[-116.427,44.847]},"properties":{"name":"weiser river","id":101108,"highest":102,"p97":96,"p90":93,"p80":89,"p70":85,"p50":76}},{"type":"Feature","geometry":{"type":"Point","coordinates":[-116.738,45.1]},"properties":{"name":"snake","id":101109,"highest":100,"p97":95,"p90":90,"p80":85,"p70":80,"p50":72}},{"type":"Feature","geometry":{"type":"Point","coordinates":[-116.1,44.89]},"properties":{"name":"McCall","id":101209,"highest":69,"p97":66,"p90":59,"p80":52,"p70":48,"p50":41}},{"type":"Feature","geometry":{"type":"Point","coordinates":[-115.5,44.383]},"properties":{"name":"Bearskin","id":101221,"highest":93,"p97":84,"p90":80,"p80":74,"p70":69,"p50":61}},{"type":"Feature","geometry":{"type":"Point","coordinates":[-116.183,44.25]},"properties":{"name":"pine creek","id":101222,"highest":100,"p97":92,"p90":88,"p80":83,"p70":77,"p50":70}},{"type":"Feature","geometry":{"type":"Point","coordinates":[-116.188,44.943]},"properties":{"name":"ski hill","id":101223,"highest":93,"p97":84,"p90":80,"p80":75,"p70":70,"p50":58}},{"type":"Feature","geometry":{"type":"Point","coordinates":[-114.849,45.104]},"properties":{"name":"Taylor Ranch","id":101224,"highest":94,"p97":90,"p90":84,"p80":81,"p70":76,"p50":69}},{"type":"Feature","geometry":{"type":"Point","coordinates":[-114.163,45.401]},"properties":{"name":"Indianola","id":101303,"highest":97,"p97":85,"p90":79,"p80":75,"p70":68,"p50":67}},{"type":"Feature","geometry":{"type":"Point","coordinates":[-113.945,45.15]},"properties":{"name":"Salmon","id":101310,"highest":97,"p97":89,"p90":86,"p80":81,"p70":75,"p50":73}},{"type":"Feature","geometry":{"type":"Point","coordinates":[-114.502,45.336]},"properties":{"name":"Skull Gulch","id":101311,"highest":97,"p97":89,"p90":84,"p80":78,"p70":75,"p50":66}},{"type":"Feature","geometry":{"type":"Point","coordinates":[-113.347,44.702]},"properties":{"name":"leadore","id":101312,"highest":94,"p97":87,"p90":81,"p80":77,"p70":72,"p50":65}},{"type":"Feature","geometry":{"type":"Point","coordinates":[-114.026,44.849]},"properties":{"name":"ezra","id":101314,"highest":98,"p97":93,"p90":88,"p80":83,"p70":78,"p50":70}},{"type":"Feature","geometry":{"type":"Point","coordinates":[-113.895,45.356]},"properties":{"name":"kriley creek","id":101315,"highest":97,"p97":92,"p90":87,"p80":83,"p70":77,"p50":68}},{"type":"Feature","geometry":{"type":"Point","coordinates":[-114.418,44.988]},"properties":{"name":"Red Rock Peak","id":101316,"highest":98,"p97":91,"p90":86,"p80":78,"p70":68,"p50":57}},{"type":"Feature","geometry":{"type":"Point","coordinates":[-117.168,44.319]},"properties":{"name":"dead indian Ridge","id":101402,"highest":105,"p97":98,"p90":94,"p80":91,"p70":88,"p50":80}},{"type":"Feature","geometry":{"type":"Point","coordinates":[-115.917,43.944]},"properties":{"name":"Town Creek","id":101708,"highest":99,"p97":87,"p90":83,"p80":77,"p70":71,"p50":61}},{"type":"Feature","geometry":{"type":"Point","coordinates":[-115.881,44.091]},"properties":{"name":"Little Anderson","id":101710,"highest":102,"p97":90,"p90":86,"p80":80,"p70":75,"p50":67}},{"type":"Feature","geometry":{"type":"Point","coordinates":[-114.729,44.372]},"properties":{"name":"Bonanza","id":101801,"highest":79,"p97":73,"p90":68,"p80":64,"p70":60,"p50":53}},{"type":"Feature","geometry":{"type":"Point","coordinates":[-113.846,43.81]},"properties":{"name":"Copper Basin","id":101804,"highest":83,"p97":78,"p90":72,"p80":66,"p70":61,"p50":54}},{"type":"Feature","geometry":{"type":"Point","coordinates":[-114.996,44.723]},"properties":{"name":"Little Creek","id":101805,"highest":95,"p97":90,"p90":86,"p80":83,"p70":78,"p50":69}},{"type":"Feature","geometry":{"type":"Point","coordinates":[-114.926,44.169]},"properties":{"name":"Stanley RS","id":101809,"highest":85,"p97":75,"p90":71,"p80":62,"p70":57,"p50":50}},{"type":"Feature","geometry":{"type":"Point","coordinates":[-114.729,44.372]},"properties":{"name":"Road CR","id":101816,"highest":96,"p97":88,"p90":84,"p80":85,"p70":75,"p50":64}},{"type":"Feature","geometry":{"type":"Point","coordinates":[-114.223,44.504]},"properties":{"name":"Challis","id":101817,"highest":96,"p97":91,"p90":87,"p80":84,"p70":81,"p50":74}},{"type":"Feature","geometry":{"type":"Point","coordinates":[-113.387,43.623]},"properties":{"name":"Archo","id":101905,"highest":96,"p97":90,"p90":86,"p80":74,"p70":80,"p50":72}},{"type":"Feature","geometry":{"type":"Point","coordinates":[-113.394,44.163]},"properties":{"name":"Mulkey Bar","id":101906,"highest":26,"p97":22,"p90":90,"p80":19,"p70":18,"p50":14}},{"type":"Feature","geometry":{"type":"Point","coordinates":[-112.108,44.396]},"properties":{"name":"3 Mile","id":102004,"highest":90,"p97":84,"p90":78,"p80":72,"p70":66,"p50":60}},{"type":"Feature","geometry":{"type":"Point","coordinates":[-111.384,44.42]},"properties":{"name":"Island Park","id":102105,"highest":71,"p97":60,"p90":54,"p80":49,"p70":45,"p50":40}},{"type":"Feature","geometry":{"type":"Point","coordinates":[-111.779,44.168]},"properties":{"name":"Gascv","id":102106,"highest":92,"p97":81,"p90":76,"p80":72,"p70":68,"p50":59}},{"type":"Feature","geometry":{"type":"Point","coordinates":[-111.576,43.65]},"properties":{"name":"Moody","id":102301,"highest":95,"p97":84,"p90":79,"p80":74,"p70":69,"p50":63}},{"type":"Feature","geometry":{"type":"Point","coordinates":[-111.201,43.54]},"properties":{"name":"Pine Creek Pass","id":102401,"highest":94,"p97":87,"p90":83,"p80":76,"p70":74,"p50":70}},{"type":"Feature","geometry":{"type":"Point","coordinates":[-116.201,43.567]},"properties":{"name":"Boise South","id":102601,"highest":95,"p97":89,"p90":87,"p80":85,"p70":82,"p50":75}},{"type":"Feature","geometry":{"type":"Point","coordinates":[-115.87,43.028]},"properties":{"name":"Mountain Home","id":102709,"highest":100,"p97":93,"p90":91,"p80":89,"p70":88,"p50":80}},{"type":"Feature","geometry":{"type":"Point","coordinates":[-115.152,43.174]},"properties":{"name":"DeerHV","id":102711,"highest":110,"p97":102,"p90":97,"p80":95,"p70":92,"p50":90}},{"type":"Feature","geometry":{"type":"Point","coordinates":[-115.327,43.573]},"properties":{"name":"WagonTown","id":102712,"highest":104,"p97":97,"p90":92,"p80":87,"p70":83,"p50":73}},{"type":"Feature","geometry":{"type":"Point","coordinates":[-114.899,43.62]},"properties":{"name":"Fleck Summit","id":102802,"highest":98,"p97":90,"p90":86,"p80":83,"p70":78,"p50":67}},{"type":"Feature","geometry":{"type":"Point","coordinates":[-114.421,43.79]},"properties":{"name":"North Fork RS","id":102903,"highest":88,"p97":84,"p90":80,"p80":76,"p70":69,"p50":62}},{"type":"Feature","geometry":{"type":"Point","coordinates":[-114.316,43.601]},"properties":{"name":"Ohio Gulch","id":102906,"highest":100,"p97":92,"p90":91,"p80":86,"p70":82,"p50":71}},{"type":"Feature","geometry":{"type":"Point","coordinates":[-113.574,43.226]},"properties":{"name":"Potter","id":102907,"highest":111,"p97":98,"p90":93,"p80":89,"p70":85,"p50":76}},{"type":"Feature","geometry":{"type":"Point","coordinates":[-111.408,43.058]},"properties":{"name":"Dale Bitner","id":103102,"highest":71,"p97":63,"p90":59,"p80":54,"p70":50,"p50":45}},{"type":"Feature","geometry":{"type":"Point","coordinates":[-115.202,42.418]},"properties":{"name":"Horse Butte","id":103205,"highest":106,"p97":98,"p90":95,"p80":90,"p70":86,"p50":80}},{"type":"Feature","geometry":{"type":"Point","coordinates":[-116.686,42.35]},"properties":{"name":"Brace Flat","id":103207,"highest":113,"p97":102,"p90":99,"p80":94,"p70":90,"p50":80}},{"type":"Feature","geometry":{"type":"Point","coordinates":[-116.586,42.819]},"properties":{"name":"Triange","id":103208,"highest":104,"p97":93,"p90":88,"p80":84,"p70":80,"p50":69}},{"type":"Feature","geometry":{"type":"Point","coordinates":[-115.195,42.691]},"properties":{"name":"Twin Butte","id":103209,"highest":107,"p97":99,"p90":96,"p80":93,"p70":91,"p50":85}},{"type":"Feature","geometry":{"type":"Point","coordinates":[-115.768,42.052]},"properties":{"name":"Pole Creek","id":103210,"highest":102,"p97":96,"p90":93,"p80":91,"p70":87,"p50":78}},{"type":"Feature","geometry":{"type":"Point","coordinates":[-116.211,42.02]},"properties":{"name":"Sho Pai","id":103211,"highest":98,"p97":91,"p90":89,"p80":84,"p70":83,"p50":78}},{"type":"Feature","geometry":{"type":"Point","coordinates":[-114.064,42.973]},"properties":{"name":"Rock Lake","id":103403,"highest":103,"p97":94,"p90":90,"p80":87,"p70":85,"p50":78}},{"type":"Feature","geometry":{"type":"Point","coordinates":[-113.167,42.983]},"properties":{"name":"Crystal","id":103703,"highest":103,"p97":94,"p90":90,"p80":86,"p70":82,"p50":77}},{"type":"Feature","geometry":{"type":"Point","coordinates":[-112.706,42.365]},"properties":{"name":"Bull Canyon","id":103704,"highest":93,"p97":89,"p90":84,"p80":79,"p70":74,"p50":68}},{"type":"Feature","geometry":{"type":"Point","coordinates":[-111.855,42.537]},"properties":{"name":"Grace","id":103902,"highest":98,"p97":91,"p90":86,"p80":81,"p70":76,"p50":70}},{"type":"Feature","geometry":{"type":"Point","coordinates":[-111.841,42.894]},"properties":{"name":"Pole Canyon","id":103903,"highest":96,"p97":89,"p90":84,"p80":79,"p70":74,"p50":66}},{"type":"Feature","geometry":{"type":"Point","coordinates":[-114.317,42.3]},"properties":{"name":"Trail Gulch","id":104004,"highest":101,"p97":96,"p90":92,"p80":89,"p70":86,"p50":79}},{"type":"Feature","geometry":{"type":"Point","coordinates":[-114.483,42.083]},"properties":{"name":"Bull Springs","id":104006,"highest":91,"p97":84,"p90":79,"p80":74,"p70":71,"p50":63}},{"type":"Feature","geometry":{"type":"Point","coordinates":[-113.09,42.02]},"properties":{"name":"Moberg Canyon","id":104103,"highest":103,"p97":96,"p90":91,"p80":86,"p70":82,"p50":76}},{"type":"Feature","geometry":{"type":"Point","coordinates":[-113.259,42.548]},"properties":{"name":"Raft River","id":104104,"highest":90,"p97":82,"p90":79,"p80":74,"p70":73,"p50":65}},{"type":"Feature","geometry":{"type":"Point","coordinates":[-113.896,42.095]},"properties":{"name":"Goose Creek","id":104105,"highest":100,"p97":92,"p90":88,"p80":83,"p70":82,"p50":79}},{"type":"Feature","geometry":{"type":"Point","coordinates":[-112.183,42.079]},"properties":{"name":"Flint Creek","id":104203,"highest":115,"p97":99,"p90":93,"p80":86,"p70":82,"p50":75}},{"type":"Feature","geometry":{"type":"Point","coordinates":[-94.615,47.377778]},"properties":{"name":"Cass Lake","id":211604,"highest":44,"p97":38,"p90":34,"p80":32,"p70":29,"p50":25}},{"type":"Feature","geometry":{"type":"Point","coordinates":[-114.559444,48.539444]},"properties":{"name":"Stillwater","id":240221,"highest":85,"p97":58,"p90":50,"p80":46,"p70":41,"p50":35}},{"type":"Feature","geometry":{"type":"Point","coordinates":[-119.815,39.382]},"properties":{"name":"Galena","id":260108,"highest":105,"p97":100,"p90":97,"p80":95,"p70":92,"p50":87}},{"type":"Feature","geometry":{"type":"Point","coordinates":[-119.551,41.009]},"properties":{"name":"Fox Mountain","id":260110,"highest":106,"p97":100,"p90":95,"p80":91,"p70":88,"p50":78}},{"type":"Feature","geometry":{"type":"Point","coordinates":[-119.768,39.674]},"properties":{"name":"Desert Springs","id":260114,"highest":110,"p97":104,"p90":100,"p80":97,"p70":95,"p50":89}},{"type":"Feature","geometry":{"type":"Point","coordinates":[-119.09,40.335]},"properties":{"name":"Bluewing","id":260202,"highest":113,"p97":107,"p90":105,"p80":103,"p70":101,"p50":96}},{"type":"Feature","geometry":{"type":"Point","coordinates":[-119.117,41.492]},"properties":{"name":"Dry Canyon","id":260203,"highest":110,"p97":104,"p90":101,"p80":98,"p70":95,"p50":87}},{"type":"Feature","geometry":{"type":"Point","coordinates":[-117.633,41.456]},"properties":{"name":"Mory Creek","id":260204,"highest":122,"p97":110,"p90":105,"p80":101,"p70":97,"p50":87}},{"type":"Feature","geometry":{"type":"Point","coordinates":[-118.451,41.802]},"properties":{"name":"Texas Spring","id":260206,"highest":112,"p97":105,"p90":102,"p80":98,"p70":94,"p50":83}},{"type":"Feature","geometry":{"type":"Point","coordinates":[-118.044,41.652]},"properties":{"name":"Double H","id":260207,"highest":105,"p97":101,"p90":96,"p80":92,"p70":89,"p50":80}},{"type":"Feature","geometry":{"type":"Point","coordinates":[-118.52,40.773]},"properties":{"name":"Majuba","id":260208,"highest":105,"p97":102,"p90":99,"p80":96,"p70":91,"p50":85}},{"type":"Feature","geometry":{"type":"Point","coordinates":[-116.231,41.554]},"properties":{"name":"Long Hollow","id":260305,"highest":109,"p97":103,"p90":99,"p80":95,"p70":89,"p50":76}},{"type":"Feature","geometry":{"type":"Point","coordinates":[-114.811,40.44]},"properties":{"name":"Spruce Mtn","id":260306,"highest":115,"p97":110,"p90":103,"p80":98,"p70":93,"p50":84}},{"type":"Feature","geometry":{"type":"Point","coordinates":[-114.203,40.593]},"properties":{"name":"Spring Gulch","id":260308,"highest":111,"p97":104,"p90":99,"p80":95,"p70":92,"p50":85}},{"type":"Feature","geometry":{"type":"Point","coordinates":[-114.643,41.643]},"properties":{"name":"Rock Spring Creek","id":260309,"highest":99,"p97":94,"p90":88,"p80":84,"p70":80,"p50":71}},{"type":"Feature","geometry":{"type":"Point","coordinates":[-116.764,41.685]},"properties":{"name":"Antelope Lake","id":260310,"highest":110,"p97":104,"p90":100,"p80":95,"p70":90,"p50":78}},{"type":"Feature","geometry":{"type":"Point","coordinates":[-115.85,40.46]},"properties":{"name":"Crane Springs","id":260314,"highest":107,"p97":103,"p90":98,"p80":93,"p70":90,"p50":81}},{"type":"Feature","geometry":{"type":"Point","coordinates":[-115.393,41.518]},"properties":{"name":"Stag Mtn","id":260315,"highest":101,"p97":96,"p90":93,"p80":87,"p70":82,"p50":71}},{"type":"Feature","geometry":{"type":"Point","coordinates":[-117.615,40.4]},"properties":{"name":"Siard","id":260402,"highest":114,"p97":107,"p90":104,"p80":102,"p70":99,"p50":91}},{"type":"Feature","geometry":{"type":"Point","coordinates":[-117.584,39.309]},"properties":{"name":"Desatoya","id":260503,"highest":112,"p97":105,"p90":100,"p80":97,"p70":94,"p50":87}},{"type":"Feature","geometry":{"type":"Point","coordinates":[-117.317,39.65]},"properties":{"name":"Red Butte","id":260504,"highest":114,"p97":108,"p90":105,"p80":102,"p70":99,"p50":91}},{"type":"Feature","geometry":{"type":"Point","coordinates":[-116.758,40.558]},"properties":{"name":"Beacon","id":260505,"highest":116,"p97":111,"p90":108,"p80":105,"p70":102,"p50":94}},{"type":"Feature","geometry":{"type":"Point","coordinates":[-116.3,39.633]},"properties":{"name":"Combs","id":260601,"highest":111,"p97":104,"p90":101,"p80":97,"p70":93,"p50":85}},{"type":"Feature","geometry":{"type":"Point","coordinates":[-116.492,39.833]},"properties":{"name":"Coils Creek","id":260603,"highest":107,"p97":102,"p90":98,"p80":93,"p70":89,"p50":80}},{"type":"Feature","geometry":{"type":"Point","coordinates":[-118.96,39.256]},"properties":{"name":"Dead Camel","id":260701,"highest":113,"p97":106,"p90":103,"p80":100,"p70":97,"p50":92}},{"type":"Feature","geometry":{"type":"Point","coordinates":[-115.518,39.737]},"properties":{"name":"Alligator Ridge","id":260804,"highest":111,"p97":104,"p90":99,"p80":95,"p70":91,"p50":83}},{"type":"Feature","geometry":{"type":"Point","coordinates":[-114.149,39.757]},"properties":{"name":"Cedar pass","id":260805,"highest":112,"p97":104,"p90":97,"p80":92,"p70":88,"p50":81}},{"type":"Feature","geometry":{"type":"Point","coordinates":[-114.814,38.904]},"properties":{"name":"Cattle Camp","id":260807,"highest":108,"p97":98,"p90":92,"p80":87,"p70":83,"p50":77}},{"type":"Feature","geometry":{"type":"Point","coordinates":[-119.641,38.925]},"properties":{"name":"Fish Springs","id":261204,"highest":112,"p97":106,"p90":100,"p80":96,"p70":94,"p50":88}},{"type":"Feature","geometry":{"type":"Point","coordinates":[-116.193,38.304]},"properties":{"name":"Pancake","id":261404,"highest":119,"p97":113,"p90":106,"p80":102,"p70":99,"p50":92}},{"type":"Feature","geometry":{"type":"Point","coordinates":[-115.417,38.767]},"properties":{"name":"Currant Creek","id":261406,"highest":117,"p97":111,"p90":106,"p80":102,"p70":98,"p50":93}},{"type":"Feature","geometry":{"type":"Point","coordinates":[-116.609,37.021]},"properties":{"name":"Buddy Adams","id":261408,"highest":114,"p97":110,"p90":108,"p80":105,"p70":102,"p50":96}},{"type":"Feature","geometry":{"type":"Point","coordinates":[-114.758,38.283]},"properties":{"name":"Coyote Wash","id":261603,"highest":115,"p97":108,"p90":101,"p80":95,"p70":91,"p50":83}},{"type":"Feature","geometry":{"type":"Point","coordinates":[-114.708,37.25]},"properties":{"name":"kane Spring","id":261604,"highest":122,"p97":118,"p90":112,"p80":108,"p70":105,"p50":99}},{"type":"Feature","geometry":{"type":"Point","coordinates":[-114.16,37.921]},"properties":{"name":"Immigration Wash","id":261608,"highest":115,"p97":108,"p90":100,"p80":95,"p70":91,"p50":84}},{"type":"Feature","geometry":{"type":"Point","coordinates":[-115.6,36.267]},"properties":{"name":"Kyle","id":261702,"highest":127,"p97":112,"p90":105,"p80":100,"p70":95,"p50":85}},{"type":"Feature","geometry":{"type":"Point","coordinates":[-115.427,36.135]},"properties":{"name":"Red Rock","id":261705,"highest":128,"p97":119,"p90":113,"p80":108,"p70":105,"p50":99}},{"type":"Feature","geometry":{"type":"Point","coordinates":[-115.867,36.333]},"properties":{"name":"Mt. Springs","id":261708,"highest":115,"p97":107,"p90":103,"p80":99,"p70":95,"p50":88}},{"type":"Feature","geometry":{"type":"Point","coordinates":[-111.931,41.18]},"properties":{"name":"Bues Canyon","id":420403,"highest":95,"p97":88,"p90":84,"p80":79,"p70":76,"p50":69}},{"type":"Feature","geometry":{"type":"Point","coordinates":[-110.817,40.883]},"properties":{"name":"Bear River","id":420703,"highest":84,"p97":68,"p90":61,"p80":56,"p70":52,"p50":44}},{"type":"Feature","geometry":{"type":"Point","coordinates":[-110.481,40.953]},"properties":{"name":"Hewinta","id":420705,"highest":84,"p97":71,"p90":61,"p80":55,"p70":52,"p50":45}},{"type":"Feature","geometry":{"type":"Point","coordinates":[-111.067,40.55]},"properties":{"name":"Norway_Flat","id":420706,"highest":87,"p97":76,"p90":90,"p80":64,"p70":59,"p50":52}},{"type":"Feature","geometry":{"type":"Point","coordinates":[-112.777,40.301]},"properties":{"name":"Cedar Mountain","id":420901,"highest":107,"p97":101,"p90":93,"p80":89,"p70":86,"p50":78}},{"type":"Feature","geometry":{"type":"Point","coordinates":[-112.427,40.099]},"properties":{"name":"Vernon","id":420908,"highest":102,"p97":97,"p90":89,"p80":84,"p70":81,"p50":73}},{"type":"Feature","geometry":{"type":"Point","coordinates":[-113.021,40.597]},"properties":{"name":"Aragonite","id":420911,"highest":108,"p97":105,"p90":100,"p80":95,"p70":91,"p50":86}},{"type":"Feature","geometry":{"type":"Point","coordinates":[-111.281,41.753]},"properties":{"name":"Otter Creek ","id":420912,"highest":104,"p97":92,"p90":90,"p80":81,"p70":79,"p50":69}},{"type":"Feature","geometry":{"type":"Point","coordinates":[-113.591,41.61]},"properties":{"name":"Rosebud","id":420914,"highest":109,"p97":100,"p90":95,"p80":91,"p70":87,"p50":82}},{"type":"Feature","geometry":{"type":"Point","coordinates":[-113.876,40.113]},"properties":{"name":"Clifton Flat","id":420915,"highest":104,"p97":100,"p90":97,"p80":93,"p70":89,"p50":81}},{"type":"Feature","geometry":{"type":"Point","coordinates":[-111.75,40.431]},"properties":{"name":"Pleasant Grove","id":421101,"highest":105,"p97":95,"p90":91,"p80":88,"p70":85,"p50":80}},{"type":"Feature","geometry":{"type":"Point","coordinates":[-117.095,38.4869444]},"properties":{"name":"Quima Peak","id":260810,"highest":"","p97":"","p90":"","p80":"","p70":"","p50":""}},{"type":"Feature","geometry":{"type":"Point","coordinates":[-111.275,40.118]},"properties":{"name":"Rays Valley","id":421103,"highest":95,"p97":85,"p90":78,"p80":73,"p70":70,"p50":64}},{"type":"Feature","geometry":{"type":"Point","coordinates":[-110.33,40.544]},"properties":{"name":"Ylwstn  ","id":421301,"highest":103,"p97":93,"p90":84,"p80":76,"p70":66,"p50":65}},{"type":"Feature","geometry":{"type":"Point","coordinates":[-110.266,39.881]},"properties":{"name":"Five Mile","id":421304,"highest":110,"p97":99,"p90":91,"p80":85,"p70":80,"p50":73}},{"type":"Feature","geometry":{"type":"Point","coordinates":[-110.861,39.934]},"properties":{"name":"Horse Ridge  ","id":421305,"highest":101,"p97":92,"p90":84,"p80":79,"p70":74,"p50":67}},{"type":"Feature","geometry":{"type":"Point","coordinates":[-110.562,40.278]},"properties":{"name":"Blacktail","id":421307,"highest":105,"p97":101,"p90":94,"p80":87,"p70":84,"p50":76}},{"type":"Feature","geometry":{"type":"Point","coordinates":[-109.265,39.634]},"properties":{"name":"McCook","id":421405,"highest":107,"p97":98,"p90":91,"p80":84,"p70":79,"p50":70}},{"type":"Feature","geometry":{"type":"Point","coordinates":[-109.243,40.617]},"properties":{"name":"Diamond","id":421408,"highest":96,"p97":89,"p90":85,"p80":81,"p70":76,"p50":68}},{"type":"Feature","geometry":{"type":"Point","coordinates":[-112,39.583]},"properties":{"name":"Sevier Res","id":421501,"highest":107,"p97":103,"p90":95,"p80":91,"p70":88,"p50":83}},{"type":"Feature","geometry":{"type":"Point","coordinates":[-112.272,39.799]},"properties":{"name":"Mud Spring","id":421502,"highest":105,"p97":97,"p90":91,"p80":87,"p70":85,"p50":78}},{"type":"Feature","geometry":{"type":"Point","coordinates":[-111.323,39.309]},"properties":{"name":"Joes Valley ","id":421602,"highest":105,"p97":99,"p90":89,"p80":83,"p70":80,"p50":72}},{"type":"Feature","geometry":{"type":"Point","coordinates":[-110.292,39.608]},"properties":{"name":"Bruin Point ","id":421702,"highest":97,"p97":91,"p90":82,"p80":78,"p70":72,"p50":61}},{"type":"Feature","geometry":{"type":"Point","coordinates":[-112.239,38.979]},"properties":{"name":"Black Cedar","id":421805,"highest":102,"p97":93,"p90":89,"p80":85,"p70":82,"p50":76}},{"type":"Feature","geometry":{"type":"Point","coordinates":[-113.367,39.35]},"properties":{"name":"Tule Valley","id":421806,"highest":117,"p97":107,"p90":104,"p80":100,"p70":97,"p50":90}},{"type":"Feature","geometry":{"type":"Point","coordinates":[-112.683,38.664]},"properties":{"name":"Horse Hollow","id":421807,"highest":113,"p97":97,"p90":95,"p80":91,"p70":89,"p50":81}},{"type":"Feature","geometry":{"type":"Point","coordinates":[-112.061,38.632]},"properties":{"name":"Signal Peak","id":421904,"highest":109,"p97":98,"p90":89,"p80":83,"p70":79,"p50":70}},{"type":"Feature","geometry":{"type":"Point","coordinates":[-111.863,38.771]},"properties":{"name":"Lost Creek","id":421905,"highest":107,"p97":95,"p90":86,"p80":82,"p70":70,"p50":67}},{"type":"Feature","geometry":{"type":"Point","coordinates":[-110.6,39.338]},"properties":{"name":"Flattop","id":422002,"highest":115,"p97":105,"p90":99,"p80":94,"p70":91,"p50":84}},{"type":"Feature","geometry":{"type":"Point","coordinates":[-109.217,39.275]},"properties":{"name":"Bryson","id":422102,"highest":115,"p97":104,"p90":97,"p80":91,"p70":88,"p50":82}},{"type":"Feature","geometry":{"type":"Point","coordinates":[-113.517,38.033]},"properties":{"name":"Jensen Springs","id":422502,"highest":118,"p97":106,"p90":99,"p80":94,"p70":90,"p50":82}},{"type":"Feature","geometry":{"type":"Point","coordinates":[-112.5,37.5]},"properties":{"name":"Asay Bench","id":422604,"highest":108,"p97":95,"p90":87,"p80":81,"p70":76,"p50":66}},{"type":"Feature","geometry":{"type":"Point","coordinates":[-111.683,37.9]},"properties":{"name":"Buck Flat","id":422606,"highest":114,"p97":103,"p90":92,"p80":83,"p70":80,"p50":71}},{"type":"Feature","geometry":{"type":"Point","coordinates":[-112.119,37.829]},"properties":{"name":"Tom Best Spring","id":422608,"highest":108,"p97":94,"p90":90,"p80":81,"p70":76,"p50":50}},{"type":"Feature","geometry":{"type":"Point","coordinates":[-112.172,37.642]},"properties":{"name":"Bryce Canyon","id":422609,"highest":100,"p97":90,"p90":82,"p80":73,"p70":70,"p50":58}},{"type":"Feature","geometry":{"type":"Point","coordinates":[-111.32,38.016]},"properties":{"name":"Larb Hollow","id":422610,"highest":115,"p97":100,"p90":90,"p80":80,"p70":75,"p50":68}},{"type":"Feature","geometry":{"type":"Point","coordinates":[-110.825,38.034]},"properties":{"name":"Henry Mountain","id":422611,"highest":109,"p97":99,"p90":91,"p80":83,"p70":79,"p50":68}},{"type":"Feature","geometry":{"type":"Point","coordinates":[-109.839,37.838]},"properties":{"name":"North Long Point","id":422710,"highest":110,"p97":95,"p90":88,"p80":80,"p70":72,"p50":61}},{"type":"Feature","geometry":{"type":"Point","coordinates":[-109.279,38.221]},"properties":{"name":"Big Indian","id":422711,"highest":115,"p97":103,"p90":96,"p80":91,"p70":86,"p50":77}},{"type":"Feature","geometry":{"type":"Point","coordinates":[-109.892,37.525]},"properties":{"name":"Kane Gulch","id":422712,"highest":107,"p97":97,"p90":94,"p80":86,"p70":81,"p50":73}},{"type":"Feature","geometry":{"type":"Point","coordinates":[-113.717,37.559]},"properties":{"name":"Enterprise","id":422803,"highest":112,"p97":100,"p90":91,"p80":86,"p70":81,"p50":74}},{"type":"Feature","geometry":{"type":"Point","coordinates":[-113.378,37.216]},"properties":{"name":"White Reef","id":422805,"highest":119,"p97":115,"p90":110,"p80":104,"p70":101,"p50":95}},{"type":"Feature","geometry":{"type":"Point","coordinates":[-113.951,37.152]},"properties":{"name":"Badger Springs","id":422806,"highest":126,"p97":115,"p90":110,"p80":105,"p70":101,"p50":95}},{"type":"Feature","geometry":{"type":"Point","coordinates":[-113.039,37.392]},"properties":{"name":"Lava Point RAWS","id":422807,"highest":95,"p97":86,"p90":80,"p80":73,"p70":68,"p50":61}},{"type":"Feature","geometry":{"type":"Point","coordinates":[-112.978,37.205]},"properties":{"name":"Zion Canyon","id":422808,"highest":116,"p97":111,"p90":104,"p80":101,"p70":97,"p50":91}},{"type":"Feature","geometry":{"type":"Point","coordinates":[-112.271,37.522]},"properties":{"name":"Agua Canyon","id":422903,"highest":102,"p97":96,"p90":88,"p80":81,"p70":74,"p50":66}},{"type":"Feature","geometry":{"type":"Point","coordinates":[-110.371,43.84]},"properties":{"name":"Burro Hill","id":480707,"highest":81,"p97":77,"p90":71,"p80":64,"p70":59,"p50":51}},{"type":"Feature","geometry":{"type":"Point","coordinates":[-110.71,43.724]},"properties":{"name":"Grand Teton","id":480708,"highest":78,"p97":73,"p90":65,"p80":61,"p70":55,"p50":47}},{"type":"Feature","geometry":{"type":"Point","coordinates":[-110.423,43.22]},"properties":{"name":"Hoback","id":481302,"highest":53,"p97":50,"p90":48,"p80":47,"p70":45,"p50":40}},{"type":"Feature","geometry":{"type":"Point","coordinates":[-110.018,43.472]},"properties":{"name":"Raspberry","id":481307,"highest":79,"p97":72,"p90":65,"p80":57,"p70":53,"p50":43}},{"type":"Feature","geometry":{"type":"Point","coordinates":[-111.416,41.637]},"properties":{"name":"Red Spur","id":420206,"highest":88,"p97":83,"p90":77,"p80":72,"p70":69,"p50":64}},{"type":"Feature","geometry":{"type":"Point","coordinates":[-109.862,40.285]},"properties":{"name":"Fort Duchesne","id":421415,"highest":102,"p97":95,"p90":87,"p80":80,"p70":77,"p50":69}},{"type":"Feature","geometry":{"type":"Point","coordinates":[-109.908,39.545]},"properties":{"name":"Wildhorse","id":421416,"highest":114,"p97":103,"p90":94,"p80":85,"p70":80,"p50":69}},{"type":"Feature","geometry":{"type":"Point","coordinates":[-113.385,38.308]},"properties":{"name":"Brimstone Reservoir","id":422203,"highest":116,"p97":105,"p90":97,"p80":89,"p70":86,"p50":81}},{"type":"Feature","geometry":{"type":"Point","coordinates":[-112.639,37.984]},"properties":{"name":"Cottonwood Mountain","id":422503,"highest":109,"p97":103,"p90":97,"p80":90,"p70":85,"p50":74}},{"type":"Feature","geometry":{"type":"Point","coordinates":[-112.025,37.2]},"properties":{"name":"Telegraph Flat","id":422902,"highest":116,"p97":107,"p90":100,"p80":92,"p70":86,"p50":80}},{"type":"Feature","geometry":{"type":"Point","coordinates":[-110.806,42.276]},"properties":{"name":"Kelly","id":481208,"highest":92,"p97":87,"p90":81,"p80":75,"p70":68,"p50":57}},{"type":"Feature","geometry":{"type":"Point","coordinates":[-110.527,42.491]},"properties":{"name":"Snider Basin","id":481306,"highest":73,"p97":65,"p90":55,"p80":50,"p70":45,"p50":39}},{"type":"Feature","geometry":{"type":"Point","coordinates":[-109.747,42.915]},"properties":{"name":"Half Moon","id":481309,"highest":83,"p97":74,"p90":68,"p80":60,"p70":56,"p50":47}}]}