[
  {
    "Month": "Jan",
    "STANLEY RS": 1.390322581,
    "POTTER": 1.741935484,
    "HORSE BUTTE": 3.483870968,
    "TWIN BUTTE": 2.980645161,
    "POLE CREEK": 3.312903226,
    "ROCK LAKE": 1.706451613,
    "TRAIL GULCH": 2.138709677,
    "BULL SPRINGS": 2.2,
    "MOBERG CANYON": 2.067741935,
    "RAFT RIVER": 2.035483871,
    "GOOSE CREEK": 1.861290323,
    "HORTON PEAK": 1.774193548,
    "DEERHV": 1.864516129,
    "FLECK SUMMIT": 1.648387097,
    "NORTH FORK RS": 1.558064516,
    "OHIO GULCH": 1.616129032
  },
  {
    "Month": "feb",
    "STANLEY RS": 1.353571429,
    "POTTER": 1.539285714,
    "HORSE BUTTE": 3.896428571,
    "TWIN BUTTE": 4.389285714,
    "POLE CREEK": 3.442857143,
    "ROCK LAKE": 1.553571429,
    "TRAIL GULCH": 2.410714286,
    "BULL SPRINGS": 3.164285714,
    "MOBERG CANYON": 2.328571429,
    "RAFT RIVER": 2.792857143,
    "GOOSE CREEK": 2.096428571,
    "HORTON PEAK": 2.035714286,
    "DEERHV": 1.903571429,
    "FLECK SUMMIT": 1.425,
    "NORTH FORK RS": 1.375,
    "OHIO GULCH": 1.539285714
  },
  {
    "Month": "March",
    "STANLEY RS": 1.64516129,
    "POTTER": 2.867741935,
    "HORSE BUTTE": 12.28064516,
    "TWIN BUTTE": 17.77741935,
    "POLE CREEK": 6.974193548,
    "ROCK LAKE": 6.8,
    "TRAIL GULCH": 4.896774194,
    "BULL SPRINGS": 7.916129032,
    "MOBERG CANYON": 3.6,
    "RAFT RIVER": 11.51935484,
    "GOOSE CREEK": 5.025806452,
    "HORTON PEAK": 2.396774194,
    "DEERHV": 3.016129032,
    "FLECK SUMMIT": 1.674193548,
    "NORTH FORK RS": 1.75483871,
    "OHIO GULCH": 2.05483871
  },
  {
    "Month": "April",
    "STANLEY RS": 2.05,
    "POTTER": 16.54,
    "HORSE BUTTE": 24.36,
    "TWIN BUTTE": 32.12666667,
    "POLE CREEK": 18.61,
    "ROCK LAKE": 23.29,
    "TRAIL GULCH": 15.34,
    "BULL SPRINGS": 17.6,
    "MOBERG CANYON": 12.77666667,
    "RAFT RIVER": 26.84333333,
    "GOOSE CREEK": 16.84333333,
    "HORTON PEAK": 2.656666667,
    "DEERHV": 13.42666667,
    "FLECK SUMMIT": 2.543333333,
    "NORTH FORK RS": 2.903333333,
    "OHIO GULCH": 3.923333333
  },
  {
    "Month": "May",
    "STANLEY RS": 11.68,
    "POTTER": 33.85333333,
    "HORSE BUTTE": 34.27333333,
    "TWIN BUTTE": 41.48666667,
    "POLE CREEK": 33.06333333,
    "ROCK LAKE": 34.71666667,
    "TRAIL GULCH": 32.66666667,
    "BULL SPRINGS": 28.14333333,
    "MOBERG CANYON": 32.36,
    "RAFT RIVER": 33.21666667,
    "GOOSE CREEK": 32.38333333,
    "HORTON PEAK": 3.193333333,
    "DEERHV": 33.06666667,
    "FLECK SUMMIT": 15.32666667,
    "NORTH FORK RS": 17.58,
    "OHIO GULCH": 22.94333333
  },
  {
    "Month": "June",
    "STANLEY RS": 28.64,
    "POTTER": 44.58,
    "HORSE BUTTE": 43.42,
    "TWIN BUTTE": 53.90666667,
    "POLE CREEK": 43.32333333,
    "ROCK LAKE": 45.00333333,
    "TRAIL GULCH": 45.51333333,
    "BULL SPRINGS": 37.05,
    "MOBERG CANYON": 46.55666667,
    "RAFT RIVER": 40.28666667,
    "GOOSE CREEK": 42.87,
    "HORTON PEAK": 21.26666667,
    "DEERHV": 45.96,
    "FLECK SUMMIT": 35.58,
    "NORTH FORK RS": 33.73666667,
    "OHIO GULCH": 40.45
  },
  {
    "Month": "July",
    "STANLEY RS": 39.98064516,
    "POTTER": 62.12903226,
    "HORSE BUTTE": 61.71290323,
    "TWIN BUTTE": 72.16451613,
    "POLE CREEK": 60.78709677,
    "ROCK LAKE": 61.91935484,
    "TRAIL GULCH": 64.46129032,
    "BULL SPRINGS": 49.30967742,
    "MOBERG CANYON": 62.19354839,
    "RAFT RIVER": 53.47741935,
    "GOOSE CREEK": 57.68064516,
    "HORTON PEAK": 49.92903226,
    "DEERHV": 63.33870968,
    "FLECK SUMMIT": 51.80967742,
    "NORTH FORK RS": 46.52580645,
    "OHIO GULCH": 55.02903226
  },
  {
    "Month": "Aug",
    "STANLEY RS": 41.29032258,
    "POTTER": 61.55806452,
    "HORSE BUTTE": 63.36774194,
    "TWIN BUTTE": 72.00322581,
    "POLE CREEK": 60.97096774,
    "ROCK LAKE": 60.80645161,
    "TRAIL GULCH": 64.86129032,
    "BULL SPRINGS": 48.84516129,
    "MOBERG CANYON": 60.38709677,
    "RAFT RIVER": 52.48064516,
    "GOOSE CREEK": 57.32580645,
    "HORTON PEAK": 53.79032258,
    "DEERHV": 64.91935484,
    "FLECK SUMMIT": 55.22258065,
    "NORTH FORK RS": 48.59354839,
    "OHIO GULCH": 56.48387097
  },
  {
    "Month": "Sep",
    "STANLEY RS": 36.19333333,
    "POTTER": 51.02333333,
    "HORSE BUTTE": 54.42,
    "TWIN BUTTE": 61.95666667,
    "POLE CREEK": 54.69666667,
    "ROCK LAKE": 52.05,
    "TRAIL GULCH": 56.83666667,
    "BULL SPRINGS": 44.67666667,
    "MOBERG CANYON": 51.85666667,
    "RAFT RIVER": 43.82,
    "GOOSE CREEK": 50.11666667,
    "HORTON PEAK": 44.45666667,
    "DEERHV": 57.93666667,
    "FLECK SUMMIT": 46.96333333,
    "NORTH FORK RS": 42.97333333,
    "OHIO GULCH": 49.53666667
  },
  {
    "Month": "Oct",
    "STANLEY RS": 22.77741935,
    "POTTER": 35.52903226,
    "HORSE BUTTE": 38.65483871,
    "TWIN BUTTE": 44.34193548,
    "POLE CREEK": 39.17096774,
    "ROCK LAKE": 35.29032258,
    "TRAIL GULCH": 39.76451613,
    "BULL SPRINGS": 33.52580645,
    "MOBERG CANYON": 35.99032258,
    "RAFT RIVER": 32.5516129,
    "GOOSE CREEK": 35.57741935,
    "HORTON PEAK": 21.66774194,
    "DEERHV": 40.35806452,
    "FLECK SUMMIT": 28.33870968,
    "NORTH FORK RS": 28.2483871,
    "OHIO GULCH": 32.9
  },
  {
    "Month": "Nov",
    "STANLEY RS": 4.69,
    "POTTER": 13.39,
    "HORSE BUTTE": 21.48333333,
    "TWIN BUTTE": 24.88666667,
    "POLE CREEK": 20.73666667,
    "ROCK LAKE": 17.24666667,
    "TRAIL GULCH": 19.32333333,
    "BULL SPRINGS": 17.50666667,
    "MOBERG CANYON": 17.34666667,
    "RAFT RIVER": 20.68666667,
    "GOOSE CREEK": 15.78,
    "HORTON PEAK": 3.29,
    "DEERHV": 14.58,
    "FLECK SUMMIT": 6.793333333,
    "NORTH FORK RS": 7.34,
    "OHIO GULCH": 10.45333333
  },
  {
    "Month": "Dec",
    "STANLEY RS": 1.061290323,
    "POTTER": 2.335483871,
    "HORSE BUTTE": 8.664516129,
    "TWIN BUTTE": 11.47096774,
    "POLE CREEK": 8.412903226,
    "ROCK LAKE": 3.719354839,
    "TRAIL GULCH": 5.141935484,
    "BULL SPRINGS": 4.925806452,
    "MOBERG CANYON": 3.122580645,
    "RAFT RIVER": 5.970967742,
    "GOOSE CREEK": 3.587096774,
    "HORTON PEAK": 1.003225806,
    "DEERHV": 2.974193548,
    "FLECK SUMMIT": 1.290322581,
    "NORTH FORK RS": 1.3,
    "OHIO GULCH": 2.232258065
  }
]