{"type":"FeatureCollection","features":[{"type":"Feature","geometry":{"type":"Point","coordinates":[-113.199,36.353]},"properties":{"name":"Logan","id":20107,"highest":116,"p97":103,"p90":97,"p80":90,"p70":84,"p50":76}},{"type":"Feature","geometry":{"type":"Point","coordinates":[-113.817,36.5]},"properties":{"name":"Olaf","id":20108,"highest":124,"p97":117,"p90":113,"p80":108,"p70":104,"p50":98}},{"type":"Feature","geometry":{"type":"Point","coordinates":[-113.717,36.583]},"properties":{"name":"Tweedy","id":20109,"highest":122,"p97":111,"p90":106,"p80":103,"p70":95,"p50":90}},{"type":"Feature","geometry":{"type":"Point","coordinates":[-112.841,36.471]},"properties":{"name":"Robinson Tank (through 2013)","id":20111,"highest":113,"p97":107,"p90":102,"p80":93,"p70":88,"p50":80}},{"type":"Feature","geometry":{"type":"Point","coordinates":[-113.158,36.388]},"properties":{"name":"Nixon","id":20113,"highest":121,"p97":102,"p90":95,"p80":88,"p70":82,"p50":70}},{"type":"Feature","geometry":{"type":"Point","coordinates":[-113.747,36.79]},"properties":{"name":"Blackrock Portable","id":20114,"highest":119,"p97":104,"p90":98,"p80":92,"p70":88,"p50":80}},{"type":"Feature","geometry":{"type":"Point","coordinates":[-113.207,36.699]},"properties":{"name":"Hurricane","id":20117,"highest":119,"p97":111,"p90":106,"p80":102,"p70":95,"p50":86}},{"type":"Feature","geometry":{"type":"Point","coordinates":[-112.583,36.704]},"properties":{"name":"Gunsight","id":20223,"highest":116,"p97":111,"p90":105,"p80":98,"p70":93,"p50":85}},{"type":"Feature","geometry":{"type":"Point","coordinates":[-120.094,40.059]},"properties":{"name":"Doyle","id":40724,"highest":106,"p97":100,"p90":96,"p80":93,"p70":89,"p50":82}},{"type":"Feature","geometry":{"type":"Point","coordinates":[-120.038,39.572]},"properties":{"name":"Dog Valley","id":41302,"highest":97,"p97":92,"p90":87,"p80":83,"p70":80,"p50":71}},{"type":"Feature","geometry":{"type":"Point","coordinates":[-119.768,38.685]},"properties":{"name":"Markleeville","id":42802,"highest":101,"p97":97,"p90":93,"p80":90,"p70":87,"p50":80}},{"type":"Feature","geometry":{"type":"Point","coordinates":[-119.22,38.248]},"properties":{"name":"Bridgeport","id":43702,"highest":105,"p97":99,"p90":96,"p80":93,"p70":90,"p50":85}},{"type":"Feature","geometry":{"type":"Point","coordinates":[-119.455,38.57]},"properties":{"name":"Walker","id":43707,"highest":110,"p97":106,"p90":103,"p80":100,"p70":98,"p50":94}},{"type":"Feature","geometry":{"type":"Point","coordinates":[-115.188,45.378]},"properties":{"name":"lodgepole","id":101044,"highest":85,"p97":74,"p90":68,"p80":62,"p70":58,"p50":50}},{"type":"Feature","geometry":{"type":"Point","coordinates":[-116.427,44.847]},"properties":{"name":"weiser river","id":101108,"highest":102,"p97":96,"p90":93,"p80":89,"p70":85,"p50":76}},{"type":"Feature","geometry":{"type":"Point","coordinates":[-116.738,45.1]},"properties":{"name":"snake","id":101109,"highest":100,"p97":95,"p90":90,"p80":85,"p70":80,"p50":72}},{"type":"Feature","geometry":{"type":"Point","coordinates":[-116.1,44.89]},"properties":{"name":"McCall","id":101209,"highest":69,"p97":66,"p90":59,"p80":52,"p70":48,"p50":41}},{"type":"Feature","geometry":{"type":"Point","coordinates":[-115.5,44.383]},"properties":{"name":"Bearskin","id":101221,"highest":93,"p97":84,"p90":80,"p80":74,"p70":69,"p50":61}},{"type":"Feature","geometry":{"type":"Point","coordinates":[-116.183,44.25]},"properties":{"name":"pine creek","id":101222,"highest":100,"p97":92,"p90":88,"p80":83,"p70":77,"p50":70}},{"type":"Feature","geometry":{"type":"Point","coordinates":[-116.188,44.943]},"properties":{"name":"ski hill","id":101223,"highest":93,"p97":84,"p90":80,"p80":75,"p70":70,"p50":58}},{"type":"Feature","geometry":{"type":"Point","coordinates":[-114.849,45.104]},"properties":{"name":"Taylor Ranch","id":101224,"highest":94,"p97":90,"p90":84,"p80":81,"p70":76,"p50":69}},{"type":"Feature","geometry":{"type":"Point","coordinates":[-114.163,45.401]},"properties":{"name":"Indianola","id":101303,"highest":97,"p97":85,"p90":79,"p80":75,"p70":68,"p50":67}},{"type":"Feature","geometry":{"type":"Point","coordinates":[-113.945,45.15]},"properties":{"name":"Salmon","id":101310,"highest":97,"p97":89,"p90":86,"p80":81,"p70":75,"p50":73}},{"type":"Feature","geometry":{"type":"Point","coordinates":[-114.502,45.336]},"properties":{"name":"Skull Gulch","id":101311,"highest":97,"p97":89,"p90":84,"p80":78,"p70":75,"p50":66}},{"type":"Feature","geometry":{"type":"Point","coordinates":[-113.347,44.702]},"properties":{"name":"leadore","id":101312,"highest":94,"p97":87,"p90":81,"p80":77,"p70":72,"p50":65}},{"type":"Feature","geometry":{"type":"Point","coordinates":[-114.026,44.849]},"properties":{"name":"ezra","id":101314,"highest":98,"p97":93,"p90":88,"p80":83,"p70":78,"p50":70}},{"type":"Feature","geometry":{"type":"Point","coordinates":[-113.895,45.356]},"properties":{"name":"kriley creek","id":101315,"highest":97,"p97":92,"p90":87,"p80":83,"p70":77,"p50":68}},{"type":"Feature","geometry":{"type":"Point","coordinates":[-114.418,44.988]},"properties":{"name":"Red Rock Peak","id":101316,"highest":98,"p97":91,"p90":86,"p80":78,"p70":68,"p50":57}},{"type":"Feature","geometry":{"type":"Point","coordinates":[-117.168,44.319]},"properties":{"name":"dead indian Ridge","id":101402,"highest":105,"p97":98,"p90":94,"p80":91,"p70":88,"p50":80}},{"type":"Feature","geometry":{"type":"Point","coordinates":[-115.917,43.944]},"properties":{"name":"Town Creek","id":101708,"highest":99,"p97":87,"p90":83,"p80":77,"p70":71,"p50":61}},{"type":"Feature","geometry":{"type":"Point","coordinates":[-115.881,44.091]},"properties":{"name":"Little Anderson","id":101710,"highest":102,"p97":90,"p90":86,"p80":80,"p70":75,"p50":67}},{"type":"Feature","geometry":{"type":"Point","coordinates":[-114.729,44.372]},"properties":{"name":"Bonanza","id":101801,"highest":79,"p97":73,"p90":68,"p80":64,"p70":60,"p50":53}},{"type":"Feature","geometry":{"type":"Point","coordinates":[-113.846,43.81]},"properties":{"name":"Copper Basin","id":101804,"highest":83,"p97":78,"p90":72,"p80":66,"p70":61,"p50":54}},{"type":"Feature","geometry":{"type":"Point","coordinates":[-114.996,44.723]},"properties":{"name":"Little Creek","id":101805,"highest":95,"p97":90,"p90":86,"p80":83,"p70":78,"p50":69}},{"type":"Feature","geometry":{"type":"Point","coordinates":[-114.926,44.169]},"properties":{"name":"Stanley RS","id":101809,"highest":85,"p97":75,"p90":71,"p80":62,"p70":57,"p50":50}},{"type":"Feature","geometry":{"type":"Point","coordinates":[-114.729,44.372]},"properties":{"name":"Road CR","id":101816,"highest":96,"p97":88,"p90":84,"p80":85,"p70":75,"p50":64}},{"type":"Feature","geometry":{"type":"Point","coordinates":[-114.223,44.504]},"properties":{"name":"Challis","id":101817,"highest":96,"p97":91,"p90":87,"p80":84,"p70":81,"p50":74}},{"type":"Feature","geometry":{"type":"Point","coordinates":[-113.387,43.623]},"properties":{"name":"Archo","id":101905,"highest":96,"p97":90,"p90":86,"p80":74,"p70":80,"p50":72}},{"type":"Feature","geometry":{"type":"Point","coordinates":[-113.394,44.163]},"properties":{"name":"Mulkey Bar","id":101906,"highest":26,"p97":22,"p90":90,"p80":19,"p70":18,"p50":14}},{"type":"Feature","geometry":{"type":"Point","coordinates":[-112.108,44.396]},"properties":{"name":"3 Mile","id":102004,"highest":90,"p97":84,"p90":78,"p80":72,"p70":66,"p50":60}},{"type":"Feature","geometry":{"type":"Point","coordinates":[-111.384,44.42]},"properties":{"name":"Island Park","id":102105,"highest":71,"p97":60,"p90":54,"p80":49,"p70":45,"p50":40}},{"type":"Feature","geometry":{"type":"Point","coordinates":[-111.779,44.168]},"properties":{"name":"Gascv","id":102106,"highest":92,"p97":81,"p90":76,"p80":72,"p70":68,"p50":59}},{"type":"Feature","geometry":{"type":"Point","coordinates":[-111.576,43.65]},"properties":{"name":"Moody","id":102301,"highest":95,"p97":84,"p90":79,"p80":74,"p70":69,"p50":63}},{"type":"Feature","geometry":{"type":"Point","coordinates":[-111.201,43.54]},"properties":{"name":"Pine Creek Pass","id":102401,"highest":94,"p97":87,"p90":83,"p80":76,"p70":74,"p50":70}},{"type":"Feature","geometry":{"type":"Point","coordinates":[-116.201,43.567]},"properties":{"name":"Boise South","id":102601,"highest":95,"p97":89,"p90":87,"p80":85,"p70":82,"p50":75}},{"type":"Feature","geometry":{"type":"Point","coordinates":[-115.87,43.028]},"properties":{"name":"Mountain Home","id":102709,"highest":100,"p97":93,"p90":91,"p80":89,"p70":88,"p50":80}},{"type":"Feature","geometry":{"type":"Point","coordinates":[-115.152,43.174]},"properties":{"name":"DeerHV","id":102711,"highest":110,"p97":102,"p90":97,"p80":95,"p70":92,"p50":90}},{"type":"Feature","geometry":{"type":"Point","coordinates":[-115.327,43.573]},"properties":{"name":"WagonTown","id":102712,"highest":104,"p97":97,"p90":92,"p80":87,"p70":83,"p50":73}},{"type":"Feature","geometry":{"type":"Point","coordinates":[-114.899,43.62]},"properties":{"name":"Fleck Summit","id":102802,"highest":98,"p97":90,"p90":86,"p80":83,"p70":78,"p50":67}},{"type":"Feature","geometry":{"type":"Point","coordinates":[-114.421,43.79]},"properties":{"name":"North Fork RS","id":102903,"highest":88,"p97":84,"p90":80,"p80":76,"p70":69,"p50":62}},{"type":"Feature","geometry":{"type":"Point","coordinates":[-114.316,43.601]},"properties":{"name":"Ohio Gulch","id":102906,"highest":100,"p97":92,"p90":91,"p80":86,"p70":82,"p50":71}},{"type":"Feature","geometry":{"type":"Point","coordinates":[-113.574,43.226]},"properties":{"name":"Potter","id":102907,"highest":111,"p97":98,"p90":93,"p80":89,"p70":85,"p50":76}},{"type":"Feature","geometry":{"type":"Point","coordinates":[-111.408,43.058]},"properties":{"name":"Dale Bitner","id":103102,"highest":71,"p97":63,"p90":59,"p80":54,"p70":50,"p50":45}},{"type":"Feature","geometry":{"type":"Point","coordinates":[-115.202,42.418]},"properties":{"name":"Horse Butte","id":103205,"highest":106,"p97":98,"p90":95,"p80":90,"p70":86,"p50":80}},{"type":"Feature","geometry":{"type":"Point","coordinates":[-116.686,42.35]},"properties":{"name":"Brace Flat","id":103207,"highest":113,"p97":102,"p90":99,"p80":94,"p70":90,"p50":80}},{"type":"Feature","geometry":{"type":"Point","coordinates":[-116.586,42.819]},"properties":{"name":"Triange","id":103208,"highest":104,"p97":93,"p90":88,"p80":84,"p70":80,"p50":69}},{"type":"Feature","geometry":{"type":"Point","coordinates":[-115.195,42.691]},"properties":{"name":"Twin Butte","id":103209,"highest":107,"p97":99,"p90":96,"p80":93,"p70":91,"p50":85}},{"type":"Feature","geometry":{"type":"Point","coordinates":[-115.768,42.052]},"properties":{"name":"Pole Creek","id":103210,"highest":102,"p97":96,"p90":93,"p80":91,"p70":87,"p50":78}},{"type":"Feature","geometry":{"type":"Point","coordinates":[-116.211,42.02]},"properties":{"name":"Sho Pai","id":103211,"highest":98,"p97":91,"p90":89,"p80":84,"p70":83,"p50":78}},{"type":"Feature","geometry":{"type":"Point","coordinates":[-114.064,42.973]},"properties":{"name":"Rock Lake","id":103403,"highest":103,"p97":94,"p90":90,"p80":87,"p70":85,"p50":78}},{"type":"Feature","geometry":{"type":"Point","coordinates":[-113.167,42.983]},"properties":{"name":"Crystal","id":103703,"highest":103,"p97":94,"p90":90,"p80":86,"p70":82,"p50":77}},{"type":"Feature","geometry":{"type":"Point","coordinates":[-112.706,42.365]},"properties":{"name":"Bull Canyon","id":103704,"highest":93,"p97":89,"p90":84,"p80":79,"p70":74,"p50":68}},{"type":"Feature","geometry":{"type":"Point","coordinates":[-111.855,42.537]},"properties":{"name":"Grace","id":103902,"highest":98,"p97":91,"p90":86,"p80":81,"p70":76,"p50":70}},{"type":"Feature","geometry":{"type":"Point","coordinates":[-111.841,42.894]},"properties":{"name":"Pole Canyon","id":103903,"highest":96,"p97":89,"p90":84,"p80":79,"p70":74,"p50":66}},{"type":"Feature","geometry":{"type":"Point","coordinates":[-114.317,42.3]},"properties":{"name":"Trail Gulch","id":104004,"highest":101,"p97":96,"p90":92,"p80":89,"p70":86,"p50":79}},{"type":"Feature","geometry":{"type":"Point","coordinates":[-114.483,42.083]},"properties":{"name":"Bull Springs","id":104006,"highest":91,"p97":84,"p90":79,"p80":74,"p70":71,"p50":63}},{"type":"Feature","geometry":{"type":"Point","coordinates":[-113.09,42.02]},"properties":{"name":"Moberg Canyon","id":104103,"highest":103,"p97":96,"p90":91,"p80":86,"p70":82,"p50":76}},{"type":"Feature","geometry":{"type":"Point","coordinates":[-113.259,42.548]},"properties":{"name":"Raft River","id":104104,"highest":90,"p97":82,"p90":79,"p80":74,"p70":73,"p50":65}},{"type":"Feature","geometry":{"type":"Point","coordinates":[-113.896,42.095]},"properties":{"name":"Goose Creek","id":104105,"highest":100,"p97":92,"p90":88,"p80":83,"p70":82,"p50":79}},{"type":"Feature","geometry":{"type":"Point","coordinates":[-112.183,42.079]},"properties":{"name":"Flint Creek","id":104203,"highest":115,"p97":99,"p90":93,"p80":86,"p70":82,"p50":75}},{"type":"Feature","geometry":{"type":"Point","coordinates":[-94.615,47.377778]},"properties":{"name":"Cass Lake","id":211604,"highest":44,"p97":38,"p90":34,"p80":32,"p70":29,"p50":25}},{"type":"Feature","geometry":{"type":"Point","coordinates":[-114.559444,48.539444]},"properties":{"name":"Stillwater","id":240221,"highest":85,"p97":58,"p90":50,"p80":46,"p70":41,"p50":35}},{"type":"Feature","geometry":{"type":"Point","coordinates":[-119.815,39.382]},"properties":{"name":"Galena","id":260108,"highest":105,"p97":100,"p90":97,"p80":95,"p70":92,"p50":87}},{"type":"Feature","geometry":{"type":"Point","coordinates":[-119.551,41.009]},"properties":{"name":"Fox Mountain","id":260110,"highest":106,"p97":100,"p90":95,"p80":91,"p70":88,"p50":78}},{"type":"Feature","geometry":{"type":"Point","coordinates":[-119.768,39.674]},"properties":{"name":"Desert Springs","id":260114,"highest":110,"p97":104,"p90":100,"p80":97,"p70":95,"p50":89}},{"type":"Feature","geometry":{"type":"Point","coordinates":[-119.09,40.335]},"properties":{"name":"Bluewing","id":260202,"highest":113,"p97":107,"p90":105,"p80":103,"p70":101,"p50":96}},{"type":"Feature","geometry":{"type":"Point","coordinates":[-119.117,41.492]},"properties":{"name":"Dry Canyon","id":260203,"highest":110,"p97":104,"p90":101,"p80":98,"p70":95,"p50":87}},{"type":"Feature","geometry":{"type":"Point","coordinates":[-117.633,41.456]},"properties":{"name":"Mory Creek","id":260204,"highest":122,"p97":110,"p90":105,"p80":101,"p70":97,"p50":87}},{"type":"Feature","geometry":{"type":"Point","coordinates":[-118.451,41.802]},"properties":{"name":"Texas Spring","id":260206,"highest":112,"p97":105,"p90":102,"p80":98,"p70":94,"p50":83}},{"type":"Feature","geometry":{"type":"Point","coordinates":[-118.044,41.652]},"properties":{"name":"Double H","id":260207,"highest":105,"p97":101,"p90":96,"p80":92,"p70":89,"p50":80}},{"type":"Feature","geometry":{"type":"Point","coordinates":[-118.52,40.773]},"properties":{"name":"Majuba","id":260208,"highest":105,"p97":102,"p90":99,"p80":96,"p70":91,"p50":85}},{"type":"Feature","geometry":{"type":"Point","coordinates":[-116.231,41.554]},"properties":{"name":"Long Hollow","id":260305,"highest":109,"p97":103,"p90":99,"p80":95,"p70":89,"p50":76}},{"type":"Feature","geometry":{"type":"Point","coordinates":[-114.811,40.44]},"properties":{"name":"Spruce Mtn","id":260306,"highest":115,"p97":110,"p90":103,"p80":98,"p70":93,"p50":84}},{"type":"Feature","geometry":{"type":"Point","coordinates":[-114.203,40.593]},"properties":{"name":"Spring Gulch","id":260308,"highest":111,"p97":104,"p90":99,"p80":95,"p70":92,"p50":85}},{"type":"Feature","geometry":{"type":"Point","coordinates":[-114.643,41.643]},"properties":{"name":"Rock Spring Creek","id":260309,"highest":99,"p97":94,"p90":88,"p80":84,"p70":80,"p50":71}},{"type":"Feature","geometry":{"type":"Point","coordinates":[-116.764,41.685]},"properties":{"name":"Antelope Lake","id":260310,"highest":110,"p97":104,"p90":100,"p80":95,"p70":90,"p50":78}},{"type":"Feature","geometry":{"type":"Point","coordinates":[-115.85,40.46]},"properties":{"name":"Crane Springs","id":260314,"highest":107,"p97":103,"p90":98,"p80":93,"p70":90,"p50":81}},{"type":"Feature","geometry":{"type":"Point","coordinates":[-115.393,41.518]},"properties":{"name":"Stag Mtn","id":260315,"highest":101,"p97":96,"p90":93,"p80":87,"p70":82,"p50":71}},{"type":"Feature","geometry":{"type":"Point","coordinates":[-117.615,40.4]},"properties":{"name":"Siard","id":260402,"highest":114,"p97":107,"p90":104,"p80":102,"p70":99,"p50":91}},{"type":"Feature","geometry":{"type":"Point","coordinates":[-117.584,39.309]},"properties":{"name":"Desatoya","id":260503,"highest":112,"p97":105,"p90":100,"p80":97,"p70":94,"p50":87}},{"type":"Feature","geometry":{"type":"Point","coordinates":[-117.317,39.65]},"properties":{"name":"Red Butte","id":260504,"highest":114,"p97":108,"p90":105,"p80":102,"p70":99,"p50":91}},{"type":"Feature","geometry":{"type":"Point","coordinates":[-116.758,40.558]},"properties":{"name":"Beacon","id":260505,"highest":116,"p97":111,"p90":108,"p80":105,"p70":102,"p50":94}},{"type":"Feature","geometry":{"type":"Point","coordinates":[-116.3,39.633]},"properties":{"name":"Combs","id":260601,"highest":111,"p97":104,"p90":101,"p80":97,"p70":93,"p50":85}},{"type":"Feature","geometry":{"type":"Point","coordinates":[-116.492,39.833]},"properties":{"name":"Coils Creek","id":260603,"highest":107,"p97":102,"p90":98,"p80":93,"p70":89,"p50":80}},{"type":"Feature","geometry":{"type":"Point","coordinates":[-118.96,39.256]},"properties":{"name":"Dead Camel","id":260701,"highest":113,"p97":106,"p90":103,"p80":100,"p70":97,"p50":92}},{"type":"Feature","geometry":{"type":"Point","coordinates":[-115.518,39.737]},"properties":{"name":"Alligator Ridge","id":260804,"highest":111,"p97":104,"p90":99,"p80":95,"p70":91,"p50":83}},{"type":"Feature","geometry":{"type":"Point","coordinates":[-114.149,39.757]},"properties":{"name":"Cedar pass","id":260805,"highest":112,"p97":104,"p90":97,"p80":92,"p70":88,"p50":81}},{"type":"Feature","geometry":{"type":"Point","coordinates":[-114.814,38.904]},"properties":{"name":"Cattle Camp","id":260807,"highest":108,"p97":98,"p90":92,"p80":87,"p70":83,"p50":77}},{"type":"Feature","geometry":{"type":"Point","coordinates":[-119.641,38.925]},"properties":{"name":"Fish Springs","id":261204,"highest":112,"p97":106,"p90":100,"p80":96,"p70":94,"p50":88}},{"type":"Feature","geometry":{"type":"Point","coordinates":[-116.193,38.304]},"properties":{"name":"Pancake","id":261404,"highest":119,"p97":113,"p90":106,"p80":102,"p70":99,"p50":92}},{"type":"Feature","geometry":{"type":"Point","coordinates":[-115.417,38.767]},"properties":{"name":"Currant Creek","id":261406,"highest":117,"p97":111,"p90":106,"p80":102,"p70":98,"p50":93}},{"type":"Feature","geometry":{"type":"Point","coordinates":[-116.609,37.021]},"properties":{"name":"Buddy Adams","id":261408,"highest":114,"p97":110,"p90":108,"p80":105,"p70":102,"p50":96}},{"type":"Feature","geometry":{"type":"Point","coordinates":[-114.758,38.283]},"properties":{"name":"Coyote Wash","id":261603,"highest":115,"p97":108,"p90":101,"p80":95,"p70":91,"p50":83}},{"type":"Feature","geometry":{"type":"Point","coordinates":[-114.708,37.25]},"properties":{"name":"kane Spring","id":261604,"highest":122,"p97":118,"p90":112,"p80":108,"p70":105,"p50":99}},{"type":"Feature","geometry":{"type":"Point","coordinates":[-114.16,37.921]},"properties":{"name":"Immigration Wash","id":261608,"highest":115,"p97":108,"p90":100,"p80":95,"p70":91,"p50":84}},{"type":"Feature","geometry":{"type":"Point","coordinates":[-115.6,36.267]},"properties":{"name":"Kyle","id":261702,"highest":127,"p97":112,"p90":105,"p80":100,"p70":95,"p50":85}},{"type":"Feature","geometry":{"type":"Point","coordinates":[-115.427,36.135]},"properties":{"name":"Red Rock","id":261705,"highest":128,"p97":119,"p90":113,"p80":108,"p70":105,"p50":99}},{"type":"Feature","geometry":{"type":"Point","coordinates":[-115.867,36.333]},"properties":{"name":"Mt. Springs","id":261708,"highest":115,"p97":107,"p90":103,"p80":99,"p70":95,"p50":88}},{"type":"Feature","geometry":{"type":"Point","coordinates":[-111.931,41.18]},"properties":{"name":"Bues Canyon","id":420403,"highest":95,"p97":88,"p90":84,"p80":79,"p70":76,"p50":69}},{"type":"Feature","geometry":{"type":"Point","coordinates":[-110.817,40.883]},"properties":{"name":"Bear River","id":420703,"highest":84,"p97":68,"p90":61,"p80":56,"p70":52,"p50":44}},{"type":"Feature","geometry":{"type":"Point","coordinates":[-110.481,40.953]},"properties":{"name":"Hewinta","id":420705,"highest":84,"p97":71,"p90":61,"p80":55,"p70":52,"p50":45}},{"type":"Feature","geometry":{"type":"Point","coordinates":[-111.067,40.55]},"properties":{"name":"Norway_Flat","id":420706,"highest":87,"p97":76,"p90":90,"p80":64,"p70":59,"p50":52}},{"type":"Feature","geometry":{"type":"Point","coordinates":[-112.777,40.301]},"properties":{"name":"Cedar Mountain","id":420901,"highest":107,"p97":101,"p90":93,"p80":89,"p70":86,"p50":78}},{"type":"Feature","geometry":{"type":"Point","coordinates":[-112.427,40.099]},"properties":{"name":"Vernon","id":420908,"highest":102,"p97":97,"p90":89,"p80":84,"p70":81,"p50":73}},{"type":"Feature","geometry":{"type":"Point","coordinates":[-113.021,40.597]},"properties":{"name":"Aragonite","id":420911,"highest":108,"p97":105,"p90":100,"p80":95,"p70":91,"p50":86}},{"type":"Feature","geometry":{"type":"Point","coordinates":[-111.281,41.753]},"properties":{"name":"Otter Creek ","id":420912,"highest":104,"p97":92,"p90":90,"p80":81,"p70":79,"p50":69}},{"type":"Feature","geometry":{"type":"Point","coordinates":[-113.591,41.61]},"properties":{"name":"Rosebud","id":420914,"highest":109,"p97":100,"p90":95,"p80":91,"p70":87,"p50":82}},{"type":"Feature","geometry":{"type":"Point","coordinates":[-113.876,40.113]},"properties":{"name":"Clifton Flat","id":420915,"highest":104,"p97":100,"p90":97,"p80":93,"p70":89,"p50":81}},{"type":"Feature","geometry":{"type":"Point","coordinates":[-111.75,40.431]},"properties":{"name":"Pleasant Grove","id":421101,"highest":105,"p97":95,"p90":91,"p80":88,"p70":85,"p50":80}},{"type":"Feature","geometry":{"type":"Point","coordinates":[-117.095,38.4869444]},"properties":{"name":"Quima Peak","id":260810,"highest":"","p97":"","p90":"","p80":"","p70":"","p50":""}},{"type":"Feature","geometry":{"type":"Point","coordinates":[-111.275,40.118]},"properties":{"name":"Rays Valley","id":421103,"highest":95,"p97":85,"p90":78,"p80":73,"p70":70,"p50":64}},{"type":"Feature","geometry":{"type":"Point","coordinates":[-110.33,40.544]},"properties":{"name":"Ylwstn  ","id":421301,"highest":103,"p97":93,"p90":84,"p80":76,"p70":66,"p50":65}},{"type":"Feature","geometry":{"type":"Point","coordinates":[-110.266,39.881]},"properties":{"name":"Five Mile","id":421304,"highest":110,"p97":99,"p90":91,"p80":85,"p70":80,"p50":73}},{"type":"Feature","geometry":{"type":"Point","coordinates":[-110.861,39.934]},"properties":{"name":"Horse Ridge  ","id":421305,"highest":101,"p97":92,"p90":84,"p80":79,"p70":74,"p50":67}},{"type":"Feature","geometry":{"type":"Point","coordinates":[-110.562,40.278]},"properties":{"name":"Blacktail","id":421307,"highest":105,"p97":101,"p90":94,"p80":87,"p70":84,"p50":76}},{"type":"Feature","geometry":{"type":"Point","coordinates":[-109.265,39.634]},"properties":{"name":"McCook","id":421405,"highest":107,"p97":98,"p90":91,"p80":84,"p70":79,"p50":70}},{"type":"Feature","geometry":{"type":"Point","coordinates":[-109.243,40.617]},"properties":{"name":"Diamond","id":421408,"highest":96,"p97":89,"p90":85,"p80":81,"p70":76,"p50":68}},{"type":"Feature","geometry":{"type":"Point","coordinates":[-112,39.583]},"properties":{"name":"Sevier Res","id":421501,"highest":107,"p97":103,"p90":95,"p80":91,"p70":88,"p50":83}},{"type":"Feature","geometry":{"type":"Point","coordinates":[-112.272,39.799]},"properties":{"name":"Mud Spring","id":421502,"highest":105,"p97":97,"p90":91,"p80":87,"p70":85,"p50":78}},{"type":"Feature","geometry":{"type":"Point","coordinates":[-111.323,39.309]},"properties":{"name":"Joes Valley ","id":421602,"highest":105,"p97":99,"p90":89,"p80":83,"p70":80,"p50":72}},{"type":"Feature","geometry":{"type":"Point","coordinates":[-110.292,39.608]},"properties":{"name":"Bruin Point ","id":421702,"highest":97,"p97":91,"p90":82,"p80":78,"p70":72,"p50":61}},{"type":"Feature","geometry":{"type":"Point","coordinates":[-112.239,38.979]},"properties":{"name":"Black Cedar","id":421805,"highest":102,"p97":93,"p90":89,"p80":85,"p70":82,"p50":76}},{"type":"Feature","geometry":{"type":"Point","coordinates":[-113.367,39.35]},"properties":{"name":"Tule Valley","id":421806,"highest":117,"p97":107,"p90":104,"p80":100,"p70":97,"p50":90}},{"type":"Feature","geometry":{"type":"Point","coordinates":[-112.683,38.664]},"properties":{"name":"Horse Hollow","id":421807,"highest":113,"p97":97,"p90":95,"p80":91,"p70":89,"p50":81}},{"type":"Feature","geometry":{"type":"Point","coordinates":[-112.061,38.632]},"properties":{"name":"Signal Peak","id":421904,"highest":109,"p97":98,"p90":89,"p80":83,"p70":79,"p50":70}},{"type":"Feature","geometry":{"type":"Point","coordinates":[-111.863,38.771]},"properties":{"name":"Lost Creek","id":421905,"highest":107,"p97":95,"p90":86,"p80":82,"p70":70,"p50":67}},{"type":"Feature","geometry":{"type":"Point","coordinates":[-110.6,39.338]},"properties":{"name":"Flattop","id":422002,"highest":115,"p97":105,"p90":99,"p80":94,"p70":91,"p50":84}},{"type":"Feature","geometry":{"type":"Point","coordinates":[-109.217,39.275]},"properties":{"name":"Bryson","id":422102,"highest":115,"p97":104,"p90":97,"p80":91,"p70":88,"p50":82}},{"type":"Feature","geometry":{"type":"Point","coordinates":[-113.517,38.033]},"properties":{"name":"Jensen Springs","id":422502,"highest":118,"p97":106,"p90":99,"p80":94,"p70":90,"p50":82}},{"type":"Feature","geometry":{"type":"Point","coordinates":[-112.5,37.5]},"properties":{"name":"Asay Bench","id":422604,"highest":108,"p97":95,"p90":87,"p80":81,"p70":76,"p50":66}},{"type":"Feature","geometry":{"type":"Point","coordinates":[-111.683,37.9]},"properties":{"name":"Buck Flat","id":422606,"highest":114,"p97":103,"p90":92,"p80":83,"p70":80,"p50":71}},{"type":"Feature","geometry":{"type":"Point","coordinates":[-112.119,37.829]},"properties":{"name":"Tom Best Spring","id":422608,"highest":108,"p97":94,"p90":90,"p80":81,"p70":76,"p50":50}},{"type":"Feature","geometry":{"type":"Point","coordinates":[-112.172,37.642]},"properties":{"name":"Bryce Canyon","id":422609,"highest":100,"p97":90,"p90":82,"p80":73,"p70":70,"p50":58}},{"type":"Feature","geometry":{"type":"Point","coordinates":[-111.32,38.016]},"properties":{"name":"Larb Hollow","id":422610,"highest":115,"p97":100,"p90":90,"p80":80,"p70":75,"p50":68}},{"type":"Feature","geometry":{"type":"Point","coordinates":[-110.825,38.034]},"properties":{"name":"Henry Mountain","id":422611,"highest":109,"p97":99,"p90":91,"p80":83,"p70":79,"p50":68}},{"type":"Feature","geometry":{"type":"Point","coordinates":[-109.839,37.838]},"properties":{"name":"North Long Point","id":422710,"highest":110,"p97":95,"p90":88,"p80":80,"p70":72,"p50":61}},{"type":"Feature","geometry":{"type":"Point","coordinates":[-109.279,38.221]},"properties":{"name":"Big Indian","id":422711,"highest":115,"p97":103,"p90":96,"p80":91,"p70":86,"p50":77}},{"type":"Feature","geometry":{"type":"Point","coordinates":[-109.892,37.525]},"properties":{"name":"Kane Gulch","id":422712,"highest":107,"p97":97,"p90":94,"p80":86,"p70":81,"p50":73}},{"type":"Feature","geometry":{"type":"Point","coordinates":[-113.717,37.559]},"properties":{"name":"Enterprise","id":422803,"highest":112,"p97":100,"p90":91,"p80":86,"p70":81,"p50":74}},{"type":"Feature","geometry":{"type":"Point","coordinates":[-113.378,37.216]},"properties":{"name":"White Reef","id":422805,"highest":119,"p97":115,"p90":110,"p80":104,"p70":101,"p50":95}},{"type":"Feature","geometry":{"type":"Point","coordinates":[-113.951,37.152]},"properties":{"name":"Badger Springs","id":422806,"highest":126,"p97":115,"p90":110,"p80":105,"p70":101,"p50":95}},{"type":"Feature","geometry":{"type":"Point","coordinates":[-113.039,37.392]},"properties":{"name":"Lava Point RAWS","id":422807,"highest":95,"p97":86,"p90":80,"p80":73,"p70":68,"p50":61}},{"type":"Feature","geometry":{"type":"Point","coordinates":[-112.978,37.205]},"properties":{"name":"Zion Canyon","id":422808,"highest":116,"p97":111,"p90":104,"p80":101,"p70":97,"p50":91}},{"type":"Feature","geometry":{"type":"Point","coordinates":[-112.271,37.522]},"properties":{"name":"Agua Canyon","id":422903,"highest":102,"p97":96,"p90":88,"p80":81,"p70":74,"p50":66}},{"type":"Feature","geometry":{"type":"Point","coordinates":[-110.371,43.84]},"properties":{"name":"Burro Hill","id":480707,"highest":81,"p97":77,"p90":71,"p80":64,"p70":59,"p50":51}},{"type":"Feature","geometry":{"type":"Point","coordinates":[-110.71,43.724]},"properties":{"name":"Grand Teton","id":480708,"highest":78,"p97":73,"p90":65,"p80":61,"p70":55,"p50":47}},{"type":"Feature","geometry":{"type":"Point","coordinates":[-110.423,43.22]},"properties":{"name":"Hoback","id":481302,"highest":53,"p97":50,"p90":48,"p80":47,"p70":45,"p50":40}},{"type":"Feature","geometry":{"type":"Point","coordinates":[-110.018,43.472]},"properties":{"name":"Raspberry","id":481307,"highest":79,"p97":72,"p90":65,"p80":57,"p70":53,"p50":43}},{"type":"Feature","geometry":{"type":"Point","coordinates":[-111.416,41.637]},"properties":{"name":"Red Spur","id":420206,"highest":88,"p97":83,"p90":77,"p80":72,"p70":69,"p50":64}},{"type":"Feature","geometry":{"type":"Point","coordinates":[-109.862,40.285]},"properties":{"name":"Fort Duchesne","id":421415,"highest":102,"p97":95,"p90":87,"p80":80,"p70":77,"p50":69}},{"type":"Feature","geometry":{"type":"Point","coordinates":[-109.908,39.545]},"properties":{"name":"Wildhorse","id":421416,"highest":114,"p97":103,"p90":94,"p80":85,"p70":80,"p50":69}},{"type":"Feature","geometry":{"type":"Point","coordinates":[-113.385,38.308]},"properties":{"name":"Brimstone Reservoir","id":422203,"highest":116,"p97":105,"p90":97,"p80":89,"p70":86,"p50":81}},{"type":"Feature","geometry":{"type":"Point","coordinates":[-112.639,37.984]},"properties":{"name":"Cottonwood Mountain","id":422503,"highest":109,"p97":103,"p90":97,"p80":90,"p70":85,"p50":74}},{"type":"Feature","geometry":{"type":"Point","coordinates":[-112.025,37.2]},"properties":{"name":"Telegraph Flat","id":422902,"highest":116,"p97":107,"p90":100,"p80":92,"p70":86,"p50":80}},{"type":"Feature","geometry":{"type":"Point","coordinates":[-110.806,42.276]},"properties":{"name":"Kelly","id":481208,"highest":92,"p97":87,"p90":81,"p80":75,"p70":68,"p50":57}},{"type":"Feature","geometry":{"type":"Point","coordinates":[-110.527,42.491]},"properties":{"name":"Snider Basin","id":481306,"highest":73,"p97":65,"p90":55,"p80":50,"p70":45,"p50":39}},{"type":"Feature","geometry":{"type":"Point","coordinates":[-109.747,42.915]},"properties":{"name":"Half Moon","id":481309,"highest":83,"p97":74,"p90":68,"p80":60,"p70":56,"p50":47}},{"type":"Feature","geometry":{"type":"Point","coordinates":[-106.201111,37.020833]},"properties":{"name":"BIG HORN","id":"BHRC2"}},{"type":"Feature","geometry":{"type":"Point","coordinates":[-107.685972,38.542528]},"properties":{"name":"BLACK CANYON","id":"LPRC2"}},{"type":"Feature","geometry":{"type":"Point","coordinates":[-106.778611,37.793056]},"properties":{"name":"BLUE PARK","id":"BLPC2"}},{"type":"Feature","geometry":{"type":"Point","coordinates":[-108.489167,37.199444]},"properties":{"name":"CHAPIN","id":"CHAC2"}},{"type":"Feature","geometry":{"type":"Point","coordinates":[-105.267222,39.181389]},"properties":{"name":"CHEESMAN","id":"CHRC2"}},{"type":"Feature","geometry":{"type":"Point","coordinates":[-105.451917,38.345694]},"properties":{"name":"COPPER GULCH","id":"CGRC2"}},{"type":"Feature","geometry":{"type":"Point","coordinates":[-108.277778,38.573056]},"properties":{"name":"COTTONWOOD BASIN","id":"CMEC2"}},{"type":"Feature","geometry":{"type":"Point","coordinates":[-107.368,40.078444]},"properties":{"name":"DEAD HORSE","id":"DHOC2"}},{"type":"Feature","geometry":{"type":"Point","coordinates":[-108.880306,39.460028]},"properties":{"name":"DEMAREE","id":"DMMC2"}},{"type":"Feature","geometry":{"type":"Point","coordinates":[-107.305278,37.226944]},"properties":{"name":"DEVIL MTN.","id":"DYKC2"}},{"type":"Feature","geometry":{"type":"Point","coordinates":[-108.934167,40.510556]},"properties":{"name":"DINOSAUR NM SUCCESS","id":"SURC2"}},{"type":"Feature","geometry":{"type":"Point","coordinates":[-106.452167,39.627639]},"properties":{"name":"DOWD JUNCTION","id":"DJTC2"}},{"type":"Feature","geometry":{"type":"Point","coordinates":[-108.887667,39.915167]},"properties":{"name":"DRAGON ROAD","id":"DRAC2"}},{"type":"Feature","geometry":{"type":"Point","coordinates":[-106.780833,40.534722]},"properties":{"name":"DRY LAKE","id":"DRYC2"}},{"type":"Feature","geometry":{"type":"Point","coordinates":[-108.195833,40.046667]},"properties":{"name":"ERNIE GULCH","id":"EGRC2"}},{"type":"Feature","geometry":{"type":"Point","coordinates":[-104.886669,38.607569]},"properties":{"name":"FT. CARSON","id":"FCRC2"}},{"type":"Feature","geometry":{"type":"Point","coordinates":[-107.8535,40.757583]},"properties":{"name":"GREAT DIVIDE","id":"GDRC2"}},{"type":"Feature","geometry":{"type":"Point","coordinates":[-106.3295,40.211083]},"properties":{"name":"GUNSIGHT","id":"GSPC2"}},{"type":"Feature","geometry":{"type":"Point","coordinates":[-106.973389,39.694389]},"properties":{"name":"GYPSUM","id":"GPRC2"}},{"type":"Feature","geometry":{"type":"Point","coordinates":[-108.329167,39.771389]},"properties":{"name":"HUNTER CREEK","id":"HCKC2"}},{"type":"Feature","geometry":{"type":"Point","coordinates":[-107.088889,38.331944]},"properties":{"name":"HUNTSMAN MESA","id":"HMEC2"}},{"type":"Feature","geometry":{"type":"Point","coordinates":[-108.579694,38.753222]},"properties":{"name":"JACKS CANYON","id":"JCRC2"}},{"type":"Feature","geometry":{"type":"Point","coordinates":[-107.738528,38.845583]},"properties":{"name":"JAY","id":"JAYC2"}},{"type":"Feature","geometry":{"type":"Point","coordinates":[-108.836583,40.738556]},"properties":{"name":"LADORE","id":"LODC2"}},{"type":"Feature","geometry":{"type":"Point","coordinates":[-105.354444,38.978611]},"properties":{"name":"LAKE GEORGE","id":"LKGC2"}},{"type":"Feature","geometry":{"type":"Point","coordinates":[-108.944306,38.968528]},"properties":{"name":"LITTLE DOLORES","id":"LDRC2"}},{"type":"Feature","geometry":{"type":"Point","coordinates":[-107.284167,39.126667]},"properties":{"name":"MCCLURE PASS","id":"MPRC2"}},{"type":"Feature","geometry":{"type":"Point","coordinates":[-107.708711,37.056394]},"properties":{"name":"MESA MTN","id":"MMRC2"}},{"type":"Feature","geometry":{"type":"Point","coordinates":[-108.561667,38.233333]},"properties":{"name":"NUCLA","id":"NUCC2"}},{"type":"Feature","geometry":{"type":"Point","coordinates":[-108.383111,39.238056]},"properties":{"name":"PINE RIDGE","id":"PNRC2"}},{"type":"Feature","geometry":{"type":"Point","coordinates":[-104.031944,37.5425]},"properties":{"name":"PINION CANYON","id":"CCEC2"}},{"type":"Feature","geometry":{"type":"Point","coordinates":[-108.398111,40.020917]},"properties":{"name":"PINTO","id":"PIRC2"}},{"type":"Feature","geometry":{"type":"Point","coordinates":[-106.680556,40.098056]},"properties":{"name":"PORCUPINE CR.","id":"PCPC2"}},{"type":"Feature","geometry":{"type":"Point","coordinates":[-106.211667,38.827222]},"properties":{"name":"RED DEER","id":"RDKC2"}},{"type":"Feature","geometry":{"type":"Point","coordinates":[-105.572222,40.798056]},"properties":{"name":"REDFEATHER","id":"RFRC2"}},{"type":"Feature","geometry":{"type":"Point","coordinates":[-107.748917,39.512444]},"properties":{"name":"RIFLE","id":"RFEC2"}},{"type":"Feature","geometry":{"type":"Point","coordinates":[-108.536944,37.651111]},"properties":{"name":"SALTER","id":"SAWC2"}},{"type":"Feature","geometry":{"type":"Point","coordinates":[-107.302722,37.099822]},"properties":{"name":"SANDOVAL MESA","id":"SDVC2"}},{"type":"Feature","geometry":{"type":"Point","coordinates":[-108.216861,38.192222]},"properties":{"name":"SANBORN PARK","id":"SPKC2"}},{"type":"Feature","geometry":{"type":"Point","coordinates":[-105.985556,39.56]},"properties":{"name":"SODA CREEK","id":"SODC2"}},{"type":"Feature","geometry":{"type":"Point","coordinates":[-107.404444,39.586944]},"properties":{"name":"STORM KING MOUNTAIN","id":"STOC2"}},{"type":"Feature","geometry":{"type":"Point","coordinates":[-106.60275,38.908556]},"properties":{"name":"TAYLOR PARK","id":"TAPC2"}},{"type":"Feature","geometry":{"type":"Point","coordinates":[-107.094806,39.352417]},"properties":{"name":"THE CROWN","id":"CRWC2"}},{"type":"Feature","geometry":{"type":"Point","coordinates":[-105.056028,38.002889]},"properties":{"name":"WILLIS CREEK","id":"WLCC2"}},{"type":"Feature","geometry":{"type":"Point","coordinates":[-106.215278,40.351667]},"properties":{"name":"WILLOW CREEK","id":"WICC2"}},{"type":"Feature","geometry":{"type":"Point","coordinates":[-106.545167,39.927]},"properties":{"name":"DRY GULCH","id":"DYGC2"}},{"type":"Feature","geometry":{"type":"Point","coordinates":[-100.301389,44.115278]},"properties":{"name":"FORT PIERRE","id":"RFPS2"}},{"type":"Feature","geometry":{"type":"Point","coordinates":[-102.630278,37.060833]},"properties":{"name":"UTE CANYON","id":"UCNC2"}},{"type":"Feature","geometry":{"type":"Point","coordinates":[-108.945556,42.437222]},"properties":{"name":"ANDERSON RIDGE","id":"ANDW4"}},{"type":"Feature","geometry":{"type":"Point","coordinates":[-104.428056,44.597222]},"properties":{"name":"BEAR LODGE","id":"BRLW4"}},{"type":"Feature","geometry":{"type":"Point","coordinates":[-107.535833,44.786111]},"properties":{"name":"BURGESS","id":"BUJW4"}},{"type":"Feature","geometry":{"type":"Point","coordinates":[-107.572778,42.340278]},"properties":{"name":"CAMP CREEK","id":"CAMW4"}},{"type":"Feature","geometry":{"type":"Point","coordinates":[-106.347222,42.711111]},"properties":{"name":"CASPER MOUNTAIN","id":"CMRW4"}},{"type":"Feature","geometry":{"type":"Point","coordinates":[-107.573806,41.309056]},"properties":{"name":"COW CREEK","id":"COWW4"}},{"type":"Feature","geometry":{"type":"Point","coordinates":[-109.611389,44.850278]},"properties":{"name":"CRANDALL","id":"CDAW4"}},{"type":"Feature","geometry":{"type":"Point","coordinates":[-105.519167,41.967222]},"properties":{"name":"DODGE CREEK","id":"DODW4"}},{"type":"Feature","geometry":{"type":"Point","coordinates":[-109.896389,44.485556]},"properties":{"name":"EAGLE","id":"EGLW4"}},{"type":"Feature","geometry":{"type":"Point","coordinates":[-105.8445,44.465472]},"properties":{"name":"ECHETA","id":"ECEW4"}},{"type":"Feature","geometry":{"type":"Point","coordinates":[-109.611111,43.679444]},"properties":{"name":"ELKHORN","id":"ELKW4"}},{"type":"Feature","geometry":{"type":"Point","coordinates":[-105.361111,42.415833]},"properties":{"name":"ESTERBROOK","id":"ESTW4"}},{"type":"Feature","geometry":{"type":"Point","coordinates":[-107.272222,42.856389]},"properties":{"name":"FALES ROCK","id":"RSNW4"}},{"type":"Feature","geometry":{"type":"Point","coordinates":[-108.853667,43.891389]},"properties":{"name":"GRASS CREEK DIVIDE","id":"GCRW4"}},{"type":"Feature","geometry":{"type":"Point","coordinates":[-107.505861,44.298556]},"properties":{"name":"HYATT HIGH","id":"HHRW4"}},{"type":"Feature","geometry":{"type":"Point","coordinates":[-107.449444,44.455833]},"properties":{"name":"MILL CREEK","id":"MCRW4"}},{"type":"Feature","geometry":{"type":"Point","coordinates":[-110.551389,41.400278]},"properties":{"name":"MUDDY CREEK","id":"MUDW4"}},{"type":"Feature","geometry":{"type":"Point","coordinates":[-106.978333,43.569444]},"properties":{"name":"POKER CREEK","id":"PCRW4"}},{"type":"Feature","geometry":{"type":"Point","coordinates":[-109.261361,44.573861]},"properties":{"name":"RATTLESNAKE MTN.","id":"RATW4"}},{"type":"Feature","geometry":{"type":"Point","coordinates":[-105.092222,43.550556]},"properties":{"name":"ROCHELLE HILLS","id":"RHKW4"}},{"type":"Feature","geometry":{"type":"Point","coordinates":[-106.131111,41.074167]},"properties":{"name":"SAWMILL PARK","id":"SAWW4"}},{"type":"Feature","geometry":{"type":"Point","coordinates":[-106.981944,44.306389]},"properties":{"name":"SCHOOL HOUSE","id":"SPKW4"}},{"type":"Feature","geometry":{"type":"Point","coordinates":[-109.036111,41.4175]},"properties":{"name":"SNOW SPRINGS CREEK","id":"SNOW4"}},{"type":"Feature","geometry":{"type":"Point","coordinates":[-107.395,43.561389]},"properties":{"name":"SPLIT ROCK CREEK","id":"SPLW4"}},{"type":"Feature","geometry":{"type":"Point","coordinates":[-109.122114,42.97795]},"properties":{"name":"WIND RIVER","id":"WRVW4"}},{"type":"Feature","geometry":{"type":"Point","coordinates":[-105.562778,40.366361]},"properties":{"name":"ESTES PARK","id":"ESPC2"}},{"type":"Feature","geometry":{"type":"Point","coordinates":[-106.56775,38.254667]},"properties":{"name":"LUJAN","id":"LUJC2"}},{"type":"Feature","geometry":{"type":"Point","coordinates":[-108.412778,37.297222]},"properties":{"name":"MOREFIELD","id":"MRFC2"}},{"type":"Feature","geometry":{"type":"Point","coordinates":[-103.836667,40.631389]},"properties":{"name":"NOVEMBER 01","id":"TS694"}},{"type":"Feature","geometry":{"type":"Point","coordinates":[-105.517222,39.844444]},"properties":{"name":"PICKLE GULCH","id":"PKLC2"}},{"type":"Feature","geometry":{"type":"Point","coordinates":[-107.6508,40.1756]},"properties":{"name":"NPS #1","id":"TR246"}},{"type":"Feature","geometry":{"type":"Point","coordinates":[-104.733333,38.805278]},"properties":{"name":"ARINC TEST","id":"TR048"}},{"type":"Feature","geometry":{"type":"Point","coordinates":[-109.416111,44.759722]},"properties":{"name":"SHF2 - PORTABLE","id":"TS010"}},{"type":"Feature","geometry":{"type":"Point","coordinates":[-105.464722,39.64]},"properties":{"name":"CORRAL CREEK","id":"CEKC2"}},{"type":"Feature","geometry":{"type":"Point","coordinates":[-104.919444,37.091944]},"properties":{"name":"BOSQUE","id":"CUHC2"}},{"type":"Feature","geometry":{"type":"Point","coordinates":[-108.728142,42.531478]},"properties":{"name":"SHF4 FTS PORTABLE","id":"TR192"}},{"type":"Feature","geometry":{"type":"Point","coordinates":[-105.338333,39.379444]},"properties":{"name":"BAILEY","id":"BAWC2"}},{"type":"Feature","geometry":{"type":"Point","coordinates":[-105.361389,40.018056]},"properties":{"name":"SUGARLOAF","id":"BTAC2"}},{"type":"Feature","geometry":{"type":"Point","coordinates":[-106.530833,38.389167]},"properties":{"name":"NEEDLE CREEK","id":"NCKC2"}},{"type":"Feature","geometry":{"type":"Point","coordinates":[-105.537442,39.510992]},"properties":{"name":"PSF1 SOUTH PLATTE","id":"SRAC2"}},{"type":"Feature","geometry":{"type":"Point","coordinates":[-105.284083,37.8615]},"properties":{"name":"BLACK MOUNTAIN","id":"BMOC2"}},{"type":"Feature","geometry":{"type":"Point","coordinates":[-105.118028,38.016681]},"properties":{"name":"PSF3 CANON CITY","id":"CYNC2"}},{"type":"Feature","geometry":{"type":"Point","coordinates":[-106.190167,38.585667]},"properties":{"name":"PSF2 SALIDA","id":"SIDC2"}},{"type":"Feature","geometry":{"type":"Point","coordinates":[-107.3214,37.3517]},"properties":{"name":"SECOND BOX","id":"TR210"}},{"type":"Feature","geometry":{"type":"Point","coordinates":[-107.9378,39.3308]},"properties":{"name":"NPS #7","id":"TR348"}},{"type":"Feature","geometry":{"type":"Point","coordinates":[-109.415889,44.760167]},"properties":{"name":"SHF1 - FTS","id":"VLRW4"}},{"type":"Feature","geometry":{"type":"Point","coordinates":[-107.708889,44.941389]},"properties":{"name":"BOYD RIDGE","id":"TR370"}},{"type":"Feature","geometry":{"type":"Point","coordinates":[-107.2239,44.1067]},"properties":{"name":"LEIGH CREEK - FTS","id":"TR371"}},{"type":"Feature","geometry":{"type":"Point","coordinates":[-110.44,42.26045]},"properties":{"name":"MICRO BLM #3(BURDICK)","id":"TR377"}},{"type":"Feature","geometry":{"type":"Point","coordinates":[-107.781667,43.440278]},"properties":{"name":"MICRO BLM #1 (WORLAND)","id":"TR382"}},{"type":"Feature","geometry":{"type":"Point","coordinates":[-107.223889,44.106667]},"properties":{"name":"LEIGH CREEK","id":"LEIW4"}},{"type":"Feature","geometry":{"type":"Point","coordinates":[-108.353194,38.495556]},"properties":{"name":"GMF1 MONTROSE","id":"TR390"}},{"type":"Feature","geometry":{"type":"Point","coordinates":[-105.143056,41.785833]},"properties":{"name":"MICRO BLM #2 (CASPER)","id":"TR391"}},{"type":"Feature","geometry":{"type":"Point","coordinates":[-105.509333,38.669528]},"properties":{"name":"CCDBLMFTS1","id":"CCDC2"}},{"type":"Feature","geometry":{"type":"Point","coordinates":[-107.816611,37.529528]},"properties":{"name":"SJF1 DURANGO","id":"DUFC2"}},{"type":"Feature","geometry":{"type":"Point","coordinates":[-107.163861,37.309639]},"properties":{"name":"SJF2 PAGOSA PORTABLE","id":"TS001"}},{"type":"Feature","geometry":{"type":"Point","coordinates":[-100.310556,41.897222]},"properties":{"name":"BESSEY","id":"HSYN1"}},{"type":"Feature","geometry":{"type":"Point","coordinates":[-103.995,41.51]},"properties":{"name":"BRAVO 01","id":"TT311"}},{"type":"Feature","geometry":{"type":"Point","coordinates":[-103.983056,41.1025]},"properties":{"name":"ECHO 01","id":"TT312"}},{"type":"Feature","geometry":{"type":"Point","coordinates":[-103.488333,41.363611]},"properties":{"name":"FOX 01","id":"TT313"}},{"type":"Feature","geometry":{"type":"Point","coordinates":[-102.971667,42.723611]},"properties":{"name":"KINGS CANYON","id":"HRSN1"}},{"type":"Feature","geometry":{"type":"Point","coordinates":[-103.708056,41.829444]},"properties":{"name":"SCOTTS BLUFF","id":"SBFN1"}},{"type":"Feature","geometry":{"type":"Point","coordinates":[-103.425,43.979167]},"properties":{"name":"BAKER PARK","id":"DOHS2"}},{"type":"Feature","geometry":{"type":"Point","coordinates":[-101.467711,45.056958]},"properties":{"name":"BEAR CREEK","id":"LANS2"}},{"type":"Feature","geometry":{"type":"Point","coordinates":[-103.926,43.766306]},"properties":{"name":"BKF1 PORTABLE","id":"BKFS2"}},{"type":"Feature","geometry":{"type":"Point","coordinates":[-103.912639,45.139306]},"properties":{"name":"INDIAN BUTTE","id":"INBS2"}},{"type":"Feature","geometry":{"type":"Point","coordinates":[-103.640583,43.778389]},"properties":{"name":"CUSTER","id":"CRRS2"}},{"type":"Feature","geometry":{"type":"Point","coordinates":[-101.145325,43.318342]},"properties":{"name":"MAGPIE CREEK","id":"PRMS2"}},{"type":"Feature","geometry":{"type":"Point","coordinates":[-103.510556,44.19]},"properties":{"name":"NEMO","id":"NMOS2"}},{"type":"Feature","geometry":{"type":"Point","coordinates":[-102.271039,43.289489]},"properties":{"name":"PORCUPINE","id":"PRGS2"}},{"type":"Feature","geometry":{"type":"Point","coordinates":[-103.758889,43.425833]},"properties":{"name":"RED CANYON","id":"RDCS2"}},{"type":"Feature","geometry":{"type":"Point","coordinates":[-96.560556,38.435]},"properties":{"name":"TALLGRASS PRAIRIE","id":"TGSK1"}},{"type":"Feature","geometry":{"type":"Point","coordinates":[-110.44,42.26045]},"properties":{"name":"COCONINO MICRO #3","id":"TR488"}},{"type":"Feature","geometry":{"type":"Point","coordinates":[-98.478417,38.144]},"properties":{"name":"STAFFORD","id":"QNRK1"}},{"type":"Feature","geometry":{"type":"Point","coordinates":[-102.437778,41.761111]},"properties":{"name":"CRESCENT LAKE - FTS","id":"RESN1"}},{"type":"Feature","geometry":{"type":"Point","coordinates":[-100.523056,42.483889]},"properties":{"name":"VALENTINE","id":"VRFN1"}},{"type":"Feature","geometry":{"type":"Point","coordinates":[-106.916111,39.918056]},"properties":{"name":"HANGMAN","id":"STHC2"}},{"type":"Feature","geometry":{"type":"Point","coordinates":[-107.647056,39.773528]},"properties":{"name":"DEEP CREEK","id":"MITC2"}},{"type":"Feature","geometry":{"type":"Point","coordinates":[-107.729444,37.496111]},"properties":{"name":"BIG BEAR PARK","id":"BBRC2"}},{"type":"Feature","geometry":{"type":"Point","coordinates":[-105.749722,39.410833]},"properties":{"name":"KENOSHA PASS","id":"KSHC2"}},{"type":"Feature","geometry":{"type":"Point","coordinates":[-105.138056,39.105278]},"properties":{"name":"MANCHESTER","id":"HACC2"}},{"type":"Feature","geometry":{"type":"Point","coordinates":[-105.131944,39.254722]},"properties":{"name":"POLHEMUS","id":"POLC2"}},{"type":"Feature","geometry":{"type":"Point","coordinates":[-105.084056,39.419083]},"properties":{"name":"CARPENTER PEAK","id":"CTPC2"}},{"type":"Feature","geometry":{"type":"Point","coordinates":[-105.407783,38.961114]},"properties":{"name":"PSF4 Portable","id":"TR563"}},{"type":"Feature","geometry":{"type":"Point","coordinates":[-101.901389,37.140833]},"properties":{"name":"CIMARRON","id":"CGLK1"}},{"type":"Feature","geometry":{"type":"Point","coordinates":[-97.450833,45.803889]},"properties":{"name":"MARSHALL CO","id":"MRLS2"}},{"type":"Feature","geometry":{"type":"Point","coordinates":[-106.10155,41.283867]},"properties":{"name":"MICRO BLM #4 (RAWLINS)","id":"TR755"}},{"type":"Feature","geometry":{"type":"Point","coordinates":[-104.869167,37.947778]},"properties":{"name":"COLORADO CITY","id":"CCYC2"}},{"type":"Feature","geometry":{"type":"Point","coordinates":[-103.3542,43.7286]},"properties":{"name":"CUSTER ST PARK PORTABLE","id":"CSPS3"}},{"type":"Feature","geometry":{"type":"Point","coordinates":[-108.219722,45.103917]},"properties":{"name":"HILLSBORO","id":"HBOM8"}},{"type":"Feature","geometry":{"type":"Point","coordinates":[-103.492194,43.658944]},"properties":{"name":"PORTABLE FIRE MET 1","id":"TR881"}},{"type":"Feature","geometry":{"type":"Point","coordinates":[-108.515861,37.96235]},"properties":{"name":"GUNNISON FO PORTABLE","id":"TR956"}},{"type":"Feature","geometry":{"type":"Point","coordinates":[-102.237778,43.880556]},"properties":{"name":"PINNACLES","id":"PINS2"}},{"type":"Feature","geometry":{"type":"Point","coordinates":[-104.719444,44.581667]},"properties":{"name":"DEVILS TOWER","id":"DVLW4"}},{"type":"Feature","geometry":{"type":"Point","coordinates":[-107.664517,37.264883]},"properties":{"name":"SAN JUAN PORTABLE","id":"TS040"}},{"type":"Feature","geometry":{"type":"Point","coordinates":[-107.913611,39.422694]},"properties":{"name":"GJDBLMFTS","id":"TS041"}},{"type":"Feature","geometry":{"type":"Point","coordinates":[-98.759167,43.258611]},"properties":{"name":"LAKE ANDES","id":"RLAS2"}},{"type":"Feature","geometry":{"type":"Point","coordinates":[-98.77,44.241111]},"properties":{"name":"HURON","id":"RHUS2"}},{"type":"Feature","geometry":{"type":"Point","coordinates":[-105.226944,40.570833]},"properties":{"name":"REDSTONE","id":"RSOC2"}},{"type":"Feature","geometry":{"type":"Point","coordinates":[-105.8375,40.270278]},"properties":{"name":"HARBISON MEADOW","id":"HRBC2"}},{"type":"Feature","geometry":{"type":"Point","coordinates":[-105.510769,37.726739]},"properties":{"name":"SAND DUNES","id":"SDNC2"}},{"type":"Feature","geometry":{"type":"Point","coordinates":[-106.003611,39.041389]},"properties":{"name":"JONES HILL","id":"JNSC2"}},{"type":"Feature","geometry":{"type":"Point","coordinates":[-109.533333,44.461111]},"properties":{"name":"SHF3 CAMPBELL","id":"WPRW4"}},{"type":"Feature","geometry":{"type":"Point","coordinates":[-99.410833,45.877778]},"properties":{"name":"SAND LAKE","id":"LLKS2"}},{"type":"Feature","geometry":{"type":"Point","coordinates":[-103.926028,43.76625]},"properties":{"name":"BKF2 PORTABLE","id":"TS399"}},{"type":"Feature","geometry":{"type":"Point","coordinates":[-103.926028,43.766278]},"properties":{"name":"BKF3 PORTABLE","id":"TS400"}},{"type":"Feature","geometry":{"type":"Point","coordinates":[-103.735833,42.425]},"properties":{"name":"AGATE","id":"AGTN1"}},{"type":"Feature","geometry":{"type":"Point","coordinates":[-103.491389,43.5575]},"properties":{"name":"WICA_ELK MOUNTAIN","id":"WCAS2"}},{"type":"Feature","geometry":{"type":"Point","coordinates":[-103.449597,43.877817]},"properties":{"name":"MT. RUSHMORE","id":"RHRS2"}},{"type":"Feature","geometry":{"type":"Point","coordinates":[-103.829472,43.734417]},"properties":{"name":"NGPA PORTABLE","id":"TS485"}},{"type":"Feature","geometry":{"type":"Point","coordinates":[-107.663617,44.68075]},"properties":{"name":"BHF1 PORTABLE","id":"SRWW4"}},{"type":"Feature","geometry":{"type":"Point","coordinates":[-108.988806,43.969083]},"properties":{"name":"WRBB PORT #2","id":"TS557"}},{"type":"Feature","geometry":{"type":"Point","coordinates":[-108.742944,37.273]},"properties":{"name":"COUMA_PORT1","id":"TS578"}},{"type":"Feature","geometry":{"type":"Point","coordinates":[-105.572383,40.723833]},"properties":{"name":"ARF1","id":"TS582"}},{"type":"Feature","geometry":{"type":"Point","coordinates":[-109.220061,43.071486]},"properties":{"name":"NORTH ZONE PCS PORTABLE","id":"TS631"}},{"type":"Feature","geometry":{"type":"Point","coordinates":[-94.667556,38.240306]},"properties":{"name":"STATE LINE","id":"TRDK1"}},{"type":"Feature","geometry":{"type":"Point","coordinates":[-104.997778,38.207222]},"properties":{"name":"RED CREEK","id":"RDDC2"}},{"type":"Feature","geometry":{"type":"Point","coordinates":[-108.521972,40.376833]},"properties":{"name":"CALICO","id":"TS654"}},{"type":"Feature","geometry":{"type":"Point","coordinates":[-108.051111,37.008414]},"properties":{"name":"COSUA_PORT1","id":"TS723"}},{"type":"Feature","geometry":{"type":"Point","coordinates":[-108.1733,39.0006]},"properties":{"name":"R02","id":"TS741"}},{"type":"Feature","geometry":{"type":"Point","coordinates":[-99.195361,39.665222]},"properties":{"name":"KIRWIN","id":"KRNK1"}},{"type":"Feature","geometry":{"type":"Point","coordinates":[-98.151167,40.568667]},"properties":{"name":"RAINWATER BASIN","id":"RINN1"}},{"type":"Feature","geometry":{"type":"Point","coordinates":[-107.914722,37.352222]},"properties":{"name":"LOG CHUTE","id":"TS761"}},{"type":"Feature","geometry":{"type":"Point","coordinates":[-100.901333,46.160253]},"properties":{"name":"TATANKA PRAIRIE","id":"TTKN8"}},{"type":"Feature","geometry":{"type":"Point","coordinates":[-95.853933,39.343119]},"properties":{"name":"POTAWATOMI","id":"TS790"}},{"type":"Feature","geometry":{"type":"Point","coordinates":[-105.542778,39.306944]},"properties":{"name":"LOST PARK","id":"LSTC2"}},{"type":"Feature","geometry":{"type":"Point","coordinates":[-106.349722,39.153611]},"properties":{"name":"LODGE POLE FLATS","id":"LPFC2"}},{"type":"Feature","geometry":{"type":"Point","coordinates":[-105.250278,39.724167]},"properties":{"name":"LOOKOUT MOUNTAIN","id":"TS809"}},{"type":"Feature","geometry":{"type":"Point","coordinates":[-108.884444,37.472778]},"properties":{"name":"MOCKINGBIRD","id":"MOKC2"}},{"type":"Feature","geometry":{"type":"Point","coordinates":[-105.572383,40.723833]},"properties":{"name":"ARF2","id":"ARFC2"}},{"type":"Feature","geometry":{"type":"Point","coordinates":[-106.431,40.897]},"properties":{"name":"INDEPENDENCE MOUNTAIN","id":"IMRC2"}},{"type":"Feature","geometry":{"type":"Point","coordinates":[-107.056111,41.308611]},"properties":{"name":"MBR PORTABLE 1","id":"TS661"}},{"type":"Feature","geometry":{"type":"Point","coordinates":[-106.868467,40.910833]},"properties":{"name":"ROUTT PORTABLE 1","id":"TS871"}},{"type":"Feature","geometry":{"type":"Point","coordinates":[-106.151111,37.480278]},"properties":{"name":"SAN LUIS VALLEY PORTABLE","id":"TS872"}},{"type":"Feature","geometry":{"type":"Point","coordinates":[-105.203972,38.540528]},"properties":{"name":"FOUR MILE","id":"TS875"}},{"type":"Feature","geometry":{"type":"Point","coordinates":[-108.305,38.054444]},"properties":{"name":"NORWOOD PORTABLE #1","id":"TS894"}},{"type":"Feature","geometry":{"type":"Point","coordinates":[-104.952778,38.958611]},"properties":{"name":"RAMPART RANGE","id":"RRAC2"}},{"type":"Feature","geometry":{"type":"Point","coordinates":[-104.750833,39.392222]},"properties":{"name":"FRANKTOWN","id":"FKTC2"}},{"type":"Feature","geometry":{"type":"Point","coordinates":[-101.062872,45.614269]},"properties":{"name":"GRAND RIVER","id":"GRRS2"}},{"type":"Feature","geometry":{"type":"Point","coordinates":[-105.596944,39.765]},"properties":{"name":"DUMONT","id":"DMTC2"}},{"type":"Feature","geometry":{"type":"Point","coordinates":[-103.843889,44.12605]},"properties":{"name":"WHITETAIL PEAK","id":"WPKS2"}},{"type":"Feature","geometry":{"type":"Point","coordinates":[-104.113111,44.277889]},"properties":{"name":"ADAMS WEATHER STATION","id":"AWSW4"}},{"type":"Feature","geometry":{"type":"Point","coordinates":[-106.036667,39.890556]},"properties":{"name":"KEYSER RIDGE","id":"KSEC2"}},{"type":"Feature","geometry":{"type":"Point","coordinates":[-106.366667,42.641867]},"properties":{"name":"CASPER PORTABLE","id":"TS954"}},{"type":"Feature","geometry":{"type":"Point","coordinates":[-104.985864,40.447097]},"properties":{"name":"SMOKE FWS #1","id":"TS955"}},{"type":"Feature","geometry":{"type":"Point","coordinates":[-107.11045,39.663633]},"properties":{"name":"UCRBLMFTS","id":"TS964"}},{"type":"Feature","geometry":{"type":"Point","coordinates":[-105.96075,38.4425]},"properties":{"name":"BEAR CREEK","id":"BEKC2"}},{"type":"Feature","geometry":{"type":"Point","coordinates":[-106.075667,38.990361]},"properties":{"name":"IRAWS 29","id":"BLIC1"}},{"type":"Feature","geometry":{"type":"Point","coordinates":[-107.078194,39.40425]},"properties":{"name":"IRAWS 36 (ELJEBEL)","id":"HFNC1"}},{"type":"Feature","geometry":{"type":"Point","coordinates":[-109.787633,42.9389]},"properties":{"name":"B-T PORTABLE #1","id":"TT058"}},{"type":"Feature","geometry":{"type":"Point","coordinates":[-106.391389,37.764444]},"properties":{"name":"RGNF1","id":"TT065"}},{"type":"Feature","geometry":{"type":"Point","coordinates":[-107.219583,41.197389]},"properties":{"name":"SANDSTONE","id":"SDSW4"}},{"type":"Feature","geometry":{"type":"Point","coordinates":[-105.123889,39.714444]},"properties":{"name":"SMOKE 66","id":"TT116"}},{"type":"Feature","geometry":{"type":"Point","coordinates":[-103.3542,43.7286]},"properties":{"name":"CUSTER STATE PARK","id":"CSPS2"}},{"type":"Feature","geometry":{"type":"Point","coordinates":[-105.353056,38.979167]},"properties":{"name":"SMOKE USFS R2-69","id":"TT196"}},{"type":"Feature","geometry":{"type":"Point","coordinates":[-103.411861,43.667]},"properties":{"name":"SDS PORTABLE 1","id":"TT197"}},{"type":"Feature","geometry":{"type":"Point","coordinates":[-103.995,41.51]},"properties":{"name":"BRAVO 01","id":"BRRN1"}},{"type":"Feature","geometry":{"type":"Point","coordinates":[-103.983056,41.1025]},"properties":{"name":"ECHO 01","id":"ECRN1"}},{"type":"Feature","geometry":{"type":"Point","coordinates":[-103.488333,41.363611]},"properties":{"name":"FOX 01","id":"FORN1"}},{"type":"Feature","geometry":{"type":"Point","coordinates":[-103.311667,44.069306]},"properties":{"name":"RAPID CITY WEST","id":"RWES2"}},{"type":"Feature","geometry":{"type":"Point","coordinates":[-108.782889,38.676111]},"properties":{"name":"GRAND VALLEY PORTABLE 2","id":"TT283"}},{"type":"Feature","geometry":{"type":"Point","coordinates":[-104.805278,42.385781]},"properties":{"name":"GUERNSEY","id":"GNRW4"}},{"type":"Feature","geometry":{"type":"Point","coordinates":[-105.433056,41.227222]},"properties":{"name":"POLE MT","id":"PMTW4"}},{"type":"Feature","geometry":{"type":"Point","coordinates":[-108.6107,42.9489]},"properties":{"name":"SHARPNOSE","id":"SHPW4"}},{"type":"Feature","geometry":{"type":"Point","coordinates":[-106.819,37.119889]},"properties":{"name":"BUCKLES","id":"TT329"}},{"type":"Feature","geometry":{"type":"Point","coordinates":[-107.922778,43.849167]},"properties":{"name":"PISTOL DRAW","id":"PSDW4"}},{"type":"Feature","geometry":{"type":"Point","coordinates":[-106.896694,38.132444]},"properties":{"name":"GUNNISON PORTABLE #1","id":"TT364"}},{"type":"Feature","geometry":{"type":"Point","coordinates":[-107.058567,39.454717]},"properties":{"name":"UCRWRF1","id":"TT394"}},{"type":"Feature","geometry":{"type":"Point","coordinates":[-105.0367,40.811519]},"properties":{"name":"BUCKEYE","id":"BEYC2"}},{"type":"Feature","geometry":{"type":"Point","coordinates":[-107.046831,39.394161]},"properties":{"name":"IRAWS 52 (KELLY LAKE)","id":"TT431"}},{"type":"Feature","geometry":{"type":"Point","coordinates":[-103.709633,42.922967]},"properties":{"name":"NEBRASKA PORTABLE","id":"TT456"}},{"type":"Feature","geometry":{"type":"Point","coordinates":[-108.026694,44.814]},"properties":{"name":"WRBB PORT#1","id":"TT472"}},{"type":"Feature","geometry":{"type":"Point","coordinates":[-103.792933,42.922983]},"properties":{"name":"MONTROSE","id":"MTRN1"}}]}